crime_type,date,observed_rate,global_rate,city_fitted_rate
murder,2017-01-01,0,3.171209515728732,3.9087492086794646
murder,2017-02-01,0,2.880609077742155,3.4823338843804246
murder,2017-03-01,0,2.8359813564192327,3.358933926441828
murder,2017-04-01,0,3.0416567368716803,3.550316151949591
murder,2017-05-01,0,3.27972090728133,3.789051502968231
murder,2017-06-01,0,3.3781217572576634,3.8936021996375474
murder,2017-07-01,0,3.365793537067428,3.913006712508629
murder,2017-08-01,0,3.2471427000209245,3.798452355607385
murder,2017-09-01,0,3.0244801982882676,3.5096098062784606
murder,2017-10-01,0,2.8426827466420295,3.266372857906877
murder,2017-11-01,10.494280617063701,2.8040055612043253,3.2424279234182896
murder,2017-12-01,0,2.7777867098314304,3.2598381565950465
murder,2018-01-01,10.494280617063701,2.591103142187956,3.0411631263484535
murder,2018-02-01,0,2.3715685756191833,2.736125730741704
murder,2018-03-01,0,2.3532645985763994,2.6661956661827455
murder,2018-04-01,0,2.548883901100547,2.85424915675263
murder,2018-05-01,0,2.7778070174240885,3.088493838269499
murder,2018-06-01,0,2.896189800086834,3.224153278320637
murder,2018-07-01,10.494280617063701,2.9231148394910798,3.294862273471038
murder,2018-08-01,10.494280617063701,2.861280211448339,3.259078319936953
murder,2018-09-01,0,2.707233553089729,3.0730946888831294
murder,2018-10-01,0,2.5863670154132006,2.921209216356237
murder,2018-11-01,0,2.5975904833390584,2.9683139091447774
murder,2018-12-01,0,2.621450452482281,3.056776292744498
murder,2019-01-01,0,2.494848024535443,2.9268058790429006
murder,2019-02-01,10.494280617063701,2.3313250370378142,2.704868332910992
murder,2019-03-01,0,2.357921563977831,2.7016016767425404
murder,2019-04-01,0,2.6088889378306974,2.972768699107113
murder,2019-05-01,0,2.902148166217336,3.302972125084093
murder,2019-06-01,0,3.089617735696452,3.541850075517929
murder,2019-07-01,0,3.180104354712437,3.7117800748521796
murder,2019-08-01,0,3.1738626565197654,3.763791601467714
murder,2019-09-01,0,3.0584224371806266,3.632663755885655
murder,2019-10-01,10.494280617063701,2.970143563016942,3.525541671882101
murder,2019-11-01,0,3.0290642969144757,3.652042093382684
murder,2019-12-01,20.988561234127403,3.097040883190683,3.8224634319524227
murder,2020-01-01,10.494280617063701,2.981897189088351,3.71247319277041
murder,2020-02-01,10.494280617063701,2.8136381203113836,3.4712676287450788
murder,2020-03-01,0,2.867797378906088,3.498746548811842
murder,2020-04-01,0,3.1923644800934845,3.87604279706307
murder,2020-05-01,0,3.565661325072327,4.324215114039657
murder,2020-06-01,0,3.8048044475336837,4.644773091338356
murder,2020-07-01,0,3.9179105968062027,4.863604987221345
murder,2020-08-01,0,3.904610222069022,4.915064984896904
murder,2020-09-01,0,3.7500299248941937,4.715593048114661
murder,2020-10-01,0,3.6234327961491632,4.539012819607059
murder,2020-11-01,10.494280617063701,3.6693048580513152,4.650462185217763
murder,2020-12-01,31.482841851191097,3.720081680242672,4.805500809106726
murder,2021-01-01,0,3.5454569515768024,4.5968431417365645
murder,2021-02-01,0,3.3072704714399457,4.226219775166281
murder,2021-03-01,0,3.3312044725108083,4.187008849782544
murder,2021-04-01,0,3.6593172951958928,4.550108310321625
murder,2021-05-01,0,4.032567291623562,4.978693576273723
murder,2021-06-01,0,4.24177826484364,5.238969904811358
murder,2021-07-01,0,4.306782046181756,5.376611889376419
murder,2021-08-01,10.494280617063701,4.230097443221498,5.322174804102878
murder,2021-09-01,20.988561234127403,4.004693943083575,5.003416247834486
murder,2021-10-01,20.988561234127403,3.8175887682214835,4.725230642819772
murder,2021-11-01,0,3.81455276398149,4.751204579396454
murder,2021-12-01,10.494280617063701,3.819870407588878,4.825616020253034
murder,2022-01-01,20.988561234127403,3.5966033298618836,4.538801595244594
murder,2022-02-01,0,3.316539822621219,4.106940637134218
murder,2022-03-01,0,3.307723850709402,4.014052615180743
murder,2022-04-01,0,3.5961598590057737,4.301106765376677
murder,2022-05-01,10.494280617063701,3.925855915031641,4.6467369563151335
murder,2022-06-01,0,4.0920877498143025,4.830357783351447
murder,2022-07-01,20.988561234127403,4.120783058037924,4.903556484421679
murder,2022-08-01,0,4.015639716820332,4.804118614090356
murder,2022-09-01,0,3.7741765839720838,4.474358045665152
murder,2022-10-01,10.494280617063701,3.5747613863727006,4.191343643751163
murder,2022-11-01,0,3.5502567524341813,4.182940390819826
murder,2022-12-01,0,3.5361199228316678,4.221421519573388
murder,2023-01-01,0,3.312537114965958,3.9478365748777944
murder,2023-02-01,0,3.040404568813181,3.554833604456077
murder,2023-03-01,0,3.0205998214435534,3.4616299182734593
murder,2023-04-01,0,3.2710010902039395,3.696867741230576
murder,2023-05-01,0,3.5582006889412123,3.984052304497991
murder,2023-06-01,0,3.696140587180321,4.133931959547387
murder,2023-07-01,0,3.7103980129157756,4.192048093866506
murder,2023-08-01,0,3.604550187188284,4.105263475493655
murder,2023-09-01,0,3.3776773052748137,3.8243732448202405
murder,2023-10-01,0,3.1901404554724166,3.5854898344019577
murder,2023-11-01,0,3.1591540133384215,3.583673841874222
murder,2023-12-01,0,3.137968252168883,3.6241063441399946
murder,2024-01-01,10.494280617063701,2.9314045815364156,3.3986019687550133
murder,2024-02-01,10.494280617063701,2.6832601825240836,3.0707008098936135
murder,2024-03-01,10.494280617063701,2.658311303289773,3.0001385020822964
murder,2024-04-01,0,2.8711156836040295,3.21892690536042
murder,2024-05-01,0,3.1154198018633648,3.4867378555412656
murder,2024-06-01,0,3.2280277680890683,3.639342927871419
murder,2024-07-01,0,3.2327284897396353,3.7139334983039576
murder,2024-08-01,20.988561234127403,3.1329086500766032,3.6632212083576015
murder,2024-09-01,0,2.928775019593041,3.439286892334056
murder,2024-10-01,0,2.759977061178789,3.2505633902130926
murder,2024-11-01,0,2.727015728727282,3.2775428593269953
murder,2024-12-01,10.494280617063701,2.7029907764542576,3.343894868400609
murder,2025-01-01,0,2.519701611645778,3.165333809753749
murder,2025-02-01,0,2.301677052019351,2.8872982699397833
murder,2025-03-01,0,2.2770855695541283,2.846317432198244
murder,2025-04-01,10.494280617063701,2.4547004427309775,3.083102595087044
murder,2025-05-01,0,2.658882275086959,3.37010189752238
murder,2025-06-01,0,2.7502075885730126,3.5499892537225497
murder,2025-07-01,0,2.7498198500560838,3.653887997959928
murder,2025-08-01,0,2.6607618404568214,3.634495370029558
murder,2025-09-01,10.494280617063701,2.4837568453485597,3.4394574502279736
murder,2025-10-01,0,2.337510817676606,3.274116613870454
murder,2025-11-01,0,2.306656193563219,3.3241365282708735
murder,2025-12-01,0,2.283728646558559,3.4124463762359034
murder,2026-01-01,20.988561234127403,2.1265635932326514,3.249242425728353
murder,2026-02-01,0,1.9406391038210493,2.979731829666042
murder,2026-03-01,31.482841851191097,1.9183520845943798,2.9503419446893346
murder,2026-04-01,0,2.066322897924653,3.209733233797716
murder,2026-05-01,0,2.236663194292975,3.5215940713932876
murder,2026-06-01,20.988561234127403,2.3120644649847906,3.7219424007314927
rape,2017-01-01,0,32.72894020633774,8.580199811152461
rape,2017-02-01,10.494280617063701,33.00393441298081,8.416077030462185
rape,2017-03-01,0,32.98907270605803,8.241236784633081
rape,2017-04-01,0,34.35968503598456,8.418772142521942
rape,2017-05-01,0,36.12056481328109,8.637861988064778
rape,2017-06-01,20.988561234127403,36.31983039554855,8.415542658913305
rape,2017-07-01,10.494280617063701,35.95384035349688,8.097294865051737
rape,2017-08-01,10.494280617063701,36.62386399988054,8.05875411814558
rape,2017-09-01,10.494280617063701,36.7603756112813,7.91296930808802
rape,2017-10-01,10.494280617063701,34.554940595519945,7.283943017005721
rape,2017-11-01,0,32.14317813990759,6.658246799619617
rape,2017-12-01,0,31.99398372522833,6.530392628348109
rape,2018-01-01,0,33.14091574619296,6.632001671195668
rape,2018-02-01,0,33.39204242805815,6.536137459903968
rape,2018-03-01,0,33.348680473390566,6.432001555762486
rape,2018-04-01,10.494280617063701,34.697369675213146,6.611224272088453
rape,2018-05-01,31.482841851191097,36.4336478635142,6.8287321010261275
rape,2018-06-01,0,36.58653789765865,6.7039575410394265
rape,2018-07-01,0,36.167426969343154,6.5028714518579935
rape,2018-08-01,10.494280617063701,36.78378456965691,6.531071060524826
rape,2018-09-01,0,36.85840037009914,6.476352223540658
rape,2018-10-01,0,34.58611317283387,6.022846574380716
rape,2018-11-01,20.988561234127403,32.10962673211691,5.568081188990515
rape,2018-12-01,0,31.896755148035155,5.525068725672866
rape,2019-01-01,0,32.96912350387606,5.682471654001798
rape,2019-02-01,0,33.14583557027723,5.674656015889583
rape,2019-03-01,0,33.036659698731526,5.653225218191212
rape,2019-04-01,0,34.297599395990474,5.892091713047508
rape,2019-05-01,0,35.93992702829933,6.169676436636186
rape,2019-06-01,0,36.01788307523172,6.143781750629017
rape,2019-07-01,0,35.54058023678727,6.042228419980606
rape,2019-08-01,10.494280617063701,36.08487511994014,6.154926327201962
rape,2019-09-01,0,36.104699864815906,6.189107886941665
rape,2019-10-01,0,33.838910618479225,5.832248411801522
rape,2019-11-01,0,31.386926578297913,5.46375162596796
rape,2019-12-01,0,31.160893741378427,5.488850143435121
rape,2020-01-01,20.988561234127403,32.20014398027216,5.714731574159675
rape,2020-02-01,0,32.375333018377034,5.774139689561987
rape,2020-03-01,10.494280617063701,32.279073428260034,5.812319337810696
rape,2020-04-01,0,33.5357624712693,6.123383453738138
rape,2020-05-01,31.482841851191097,35.178072845197846,6.47570490480904
rape,2020-06-01,0,35.30403119004231,6.511543159157273
rape,2020-07-01,10.494280617063701,34.89501040060588,6.4612576514424465
rape,2020-08-01,0,35.50316159698527,6.639279625251441
rape,2020-09-01,0,35.60875779692838,6.730975942403053
rape,2020-10-01,0,33.463238092627016,6.390102906371521
rape,2020-11-01,10.494280617063701,31.134250628531245,6.029338827505323
rape,2020-12-01,0,31.010412135989114,6.096113132646704
rape,2021-01-01,20.988561234127403,32.15868703871743,6.386079789395328
rape,2021-02-01,0,32.45319904941378,6.488909576504014
rape,2021-03-01,0,32.46815740224269,6.5607276787284805
rape,2021-04-01,10.494280617063701,33.859150679959164,6.944089475585901
rape,2021-05-01,0,35.64455984784677,7.373305170750968
rape,2021-06-01,0,35.90008563631894,7.441473211851983
rape,2021-07-01,0,35.60027842954671,7.40694106296378
rape,2021-08-01,10.494280617063701,36.333771071945634,7.631820392317481
rape,2021-09-01,0,36.54345274568549,7.754657469943651
rape,2021-10-01,10.494280617063701,34.42118504188213,7.374660449430418
rape,2021-11-01,0,32.08781438874453,6.967501419396769
rape,2021-12-01,0,32.00611208813238,7.050508871730702
rape,2022-01-01,20.988561234127403,33.22528698348096,7.388780120384422
rape,2022-02-01,31.482841851191097,33.54828660877175,7.507177648359814
rape,2022-03-01,0,33.5672087495138,7.586668392940369
rape,2022-04-01,20.988561234127403,34.99373743162264,8.022171338109144
rape,2022-05-01,10.494280617063701,36.81085190412012,8.506195877593463
rape,2022-06-01,31.482841851191097,37.028491123039046,8.568552094851578
rape,2022-07-01,20.988561234127403,36.658642592452324,8.509317894488897
rape,2022-08-01,0,37.3329747917555,8.742932726163652
rape,2022-09-01,10.494280617063701,37.449686371454774,8.854424880273106
rape,2022-10-01,0,35.169724933523256,8.390067012961762
rape,2022-11-01,10.494280617063701,32.67168068258003,7.894171916163574
rape,2022-12-01,0,32.46825702444867,7.953992701465583
rape,2023-01-01,0,33.56723222032695,8.296823954158155
rape,2023-02-01,0,33.747560273440875,8.389285309037787
rape,2023-03-01,0,33.630591446906024,8.440810501344334
rape,2023-04-01,0,34.90023257544304,8.88193379939591
rape,2023-05-01,0,36.549425546758165,9.37426080823428
rape,2023-06-01,0,36.59763180578236,9.399371484829942
rape,2023-07-01,20.988561234127403,36.07487387157239,9.294844397424058
rape,2023-08-01,0,36.579040837945335,9.511264427559873
rape,2023-09-01,20.988561234127403,36.541795553585736,9.59735800417005
rape,2023-10-01,10.494280617063701,34.188380675851036,9.065969734628018
rape,2023-11-01,10.494280617063701,31.64539499522116,8.507002608914572
rape,2023-12-01,0,31.34660301391695,8.552951661901906
rape,2024-01-01,0,32.307893463100164,8.905957928048771
rape,2024-02-01,0,32.39030367096559,8.993805477853275
rape,2024-03-01,10.494280617063701,32.198917148246785,9.04424558955825
rape,2024-04-01,41.977122468254805,33.33790264926603,9.513748039665897
rape,2024-05-01,20.988561234127403,34.844839286965296,10.04254860917566
rape,2024-06-01,0,34.829462968131175,10.075801465099566
rape,2024-07-01,0,34.28244126944925,9.974478301693667
rape,2024-08-01,0,34.71905017742776,10.22299486602305
rape,2024-09-01,10.494280617063701,34.65057485880987,10.336927392745308
rape,2024-10-01,0,32.39662762295844,9.788194965890375
rape,2024-11-01,10.494280617063701,29.972133491116473,9.210998702023998
rape,2024-12-01,52.47140308531851,29.680576947546722,9.289167964814082
rape,2025-01-01,20.988561234127403,30.58687341184427,9.705642359858013
rape,2025-02-01,0,30.66553071917179,9.836800273109594
rape,2025-03-01,31.482841851191097,30.492714420916634,9.923471712833868
rape,2025-04-01,10.494280617063701,31.578790910609275,10.47838318634213
rape,2025-05-01,10.494280617063701,33.0161042461067,11.101769712376536
rape,2025-06-01,0,33.01338351202843,11.180713836779276
rape,2025-07-01,0,32.506967727726575,11.107788638671911
rape,2025-08-01,0,32.93364194489356,11.424749135899352
rape,2025-09-01,10.494280617063701,32.88069156755994,11.590458986384641
rape,2025-10-01,10.494280617063701,30.752029708640244,11.008184384144977
rape,2025-11-01,10.494280617063701,28.459655240132296,10.389003579368122
rape,2025-12-01,10.494280617063701,28.190836260244975,10.504304848550415
rape,2026-01-01,10.494280617063701,29.05950581254166,11.002268758241975
rape,2026-02-01,41.977122468254805,29.14141865455329,11.175950686345802
rape,2026-03-01,20.988561234127403,28.98304565043445,11.295131489540193
rape,2026-04-01,20.988561234127403,30.021380029893585,11.948519708309435
rape,2026-05-01,0,31.393190622251243,12.679098496005656
rape,2026-06-01,20.988561234127403,31.395422351286015,12.787077860419425
robbery,2017-01-01,52.47140308531851,58.05850663538644,32.62870253236768
robbery,2017-02-01,10.494280617063701,52.51023363639385,29.494716405983745
robbery,2017-03-01,41.977122468254805,50.9422913880999,28.575875954460948
robbery,2017-04-01,10.494280617063701,53.57868128303959,30.038091679134997
robbery,2017-05-01,10.494280617063701,56.650725599210524,31.881462424248777
robbery,2017-06-01,52.47140308531851,57.8517726259576,32.64769852336941
robbery,2017-07-01,10.494280617063701,58.59940629383009,32.8390409019354
robbery,2017-08-01,20.988561234127403,59.208931838690624,32.892353190381776
robbery,2017-09-01,0,58.34860506965821,32.62770717265961
robbery,2017-10-01,20.988561234127403,57.041709896427285,32.5743182821107
robbery,2017-11-01,41.977122468254805,57.101423293782176,33.15755895897857
robbery,2017-12-01,52.47140308531851,56.61988978084299,32.96381649361506
robbery,2018-01-01,41.977122468254805,52.60338762260759,30.531001979710897
robbery,2018-02-01,20.988561234127403,47.58354338385258,27.56720355784328
robbery,2018-03-01,52.47140308531851,46.169894181389104,26.676982523440145
robbery,2018-04-01,10.494280617063701,48.56876895466976,28.000773109750185
robbery,2018-05-01,31.482841851191097,51.36440060712046,29.67178301264378
robbery,2018-06-01,41.977122468254805,52.46601961256787,30.329601893995807
robbery,2018-07-01,0,53.15763908256109,30.448464540805016
robbery,2018-08-01,52.47140308531851,53.72599275093915,30.431741039107376
robbery,2018-09-01,62.965683702382194,52.96178437148947,30.116062223453977
robbery,2018-10-01,41.977122468254805,51.79226702006566,29.993435283827463
robbery,2018-11-01,31.482841851191097,51.86499423423056,30.448186862577487
robbery,2018-12-01,31.482841851191097,51.44661398475136,30.18647541782697
robbery,2019-01-01,20.988561234127403,47.81689557797698,27.875290490633617
robbery,2019-02-01,20.988561234127403,43.27361446694405,25.092580700065543
robbery,2019-03-01,20.988561234127403,42.007299100846424,24.215151961431737
robbery,2019-04-01,52.47140308531851,44.215042092271496,25.3400162455982
robbery,2019-05-01,10.494280617063701,46.7890674240799,26.77618680415274
robbery,2019-06-01,20.988561234127403,47.82707413854211,27.293764138585598
robbery,2019-07-01,20.988561234127403,48.49569049035577,27.332407515980066
robbery,2019-08-01,41.977122468254805,49.0590344003838,27.254025607223085
robbery,2019-09-01,20.988561234127403,48.4109055434954,26.917276824107084
robbery,2019-10-01,20.988561234127403,47.394503872273944,26.765195914536207
robbery,2019-11-01,0,47.52178827127204,27.137946812589927
robbery,2019-12-01,41.977122468254805,47.203162026247405,26.885149056018275
robbery,2020-01-01,10.494280617063701,43.941247281542076,24.819902366360118
robbery,2020-02-01,31.482841851191097,39.83391084649422,22.346871242606852
robbery,2020-03-01,31.482841851191097,38.72523205654235,21.572326892144567
robbery,2020-04-01,0,40.84132255659985,22.600196918125427
robbery,2020-05-01,10.494280617063701,43.3078033879201,23.91851677034417
robbery,2020-06-01,10.494280617063701,44.36888689734578,24.43200259924098
robbery,2020-07-01,52.47140308531851,45.0939603485323,24.527589656010633
robbery,2020-08-01,20.988561234127403,45.734050861367194,24.53196510639565
robbery,2020-09-01,20.988561234127403,45.25135109969855,24.314659015105505
robbery,2020-10-01,20.988561234127403,44.422766133392045,24.271351761906967
robbery,2020-11-01,41.977122468254805,44.67435008288305,24.71991201349721
robbery,2020-12-01,10.494280617063701,44.50705880947653,24.60629153158887
robbery,2021-01-01,10.494280617063701,41.56228635812468,22.83659817080446
robbery,2021-02-01,31.482841851191097,37.79808306357532,20.677215355651608
robbery,2021-03-01,41.977122468254805,36.85983523476583,20.07297867668844
robbery,2021-04-01,41.977122468254805,38.99832530990011,21.15850882150754
robbery,2021-05-01,10.494280617063701,41.47964833090177,22.529857545974945
robbery,2021-06-01,41.977122468254805,42.62659221588895,23.162403964844863
robbery,2021-07-01,10.494280617063701,43.447517447250206,23.400651356532837
robbery,2021-08-01,10.494280617063701,44.18871673736406,23.559398934059175
robbery,2021-09-01,20.988561234127403,43.8381913988549,23.50478984566709
robbery,2021-10-01,10.494280617063701,43.137361945311774,23.611499413639304
robbery,2021-11-01,10.494280617063701,43.47782598673576,24.2029500700432
robbery,2021-12-01,20.988561234127403,43.3980856760909,24.239647539513037
robbery,2022-01-01,62.965683702382194,40.59748882834685,22.636773059456928
robbery,2022-02-01,10.494280617063701,36.976360039666645,20.622105692659318
robbery,2022-03-01,20.988561234127403,36.10024842028684,20.12864952284685
robbery,2022-04-01,62.965683702382194,38.23495789467587,21.343214934347703
robbery,2022-05-01,20.988561234127403,40.69999396939683,22.85489615080688
robbery,2022-06-01,10.494280617063701,41.84988218791841,23.631299123537758
robbery,2022-07-01,10.494280617063701,42.670355618258526,24.00446341586771
robbery,2022-08-01,0,43.40337758128889,24.30091477770059
robbery,2022-09-01,10.494280617063701,43.053868611229376,24.37608877496456
robbery,2022-10-01,31.482841851191097,42.350984353320925,24.612467053199946
robbery,2022-11-01,31.482841851191097,42.65988586379006,25.357812116243664
robbery,2022-12-01,62.965683702382194,42.54719635509935,25.514469109757602
robbery,2023-01-01,20.988561234127403,39.758450015516736,23.93253149238647
robbery,2023-02-01,10.494280617063701,36.16379121218765,21.88795561461269
robbery,2023-03-01,20.988561234127403,35.25651395209874,21.42885422168946
robbery,2023-04-01,10.494280617063701,37.273006738127805,22.78303276484433
robbery,2023-05-01,31.482841851191097,39.595743777534516,24.441941890586442
robbery,2023-06-01,31.482841851191097,40.618519015803066,25.298667518117153
robbery,2023-07-01,41.977122468254805,41.30965579514208,25.700099262132255
robbery,2023-08-01,20.988561234127403,41.89756104734152,25.9918553517199
robbery,2023-09-01,0,41.42808335354927,26.015853857999865
robbery,2023-10-01,31.482841851191097,40.615352546273456,26.181631892884543
robbery,2023-11-01,20.988561234127403,40.7586455023192,26.84888244248811
robbery,2023-12-01,20.988561234127403,40.49286817653172,26.86024752823452
robbery,2024-01-01,20.988561234127403,37.676096698457194,25.014468351163885
robbery,2024-02-01,20.988561234127403,34.11261728456803,22.684601631861128
robbery,2024-03-01,0,33.10226481297311,22.012459231731544
robbery,2024-04-01,10.494280617063701,34.815528346066515,23.148591520259632
robbery,2024-05-01,41.977122468254805,36.790947155153226,24.54228127874005
robbery,2024-06-01,41.977122468254805,37.52594821180683,25.062452426200732
robbery,2024-07-01,20.988561234127403,37.94336619268727,25.099527758367852
robbery,2024-08-01,20.988561234127403,38.242216965792146,24.98146967089163
robbery,2024-09-01,10.494280617063701,37.56632227765682,24.576844531769726
robbery,2024-10-01,31.482841851191097,36.58810442165094,24.298890992134684
robbery,2024-11-01,41.977122468254805,36.4623880010878,24.44471323464403
robbery,2024-12-01,31.482841851191097,35.977188491692424,23.98970588947526
robbery,2025-01-01,31.482841851191097,33.23615221436798,21.891693734382187
robbery,2025-02-01,31.482841851191097,29.878021268096518,19.447857246897982
robbery,2025-03-01,10.494280617063701,28.814945442972828,18.524873491948465
robbery,2025-04-01,20.988561234127403,30.09489847275994,19.08538138509767
robbery,2025-05-01,41.977122468254805,31.59237713084945,19.842600016102438
robbery,2025-06-01,20.988561234127403,32.01016068726277,19.867913090915053
robbery,2025-07-01,20.988561234127403,32.16689858873689,19.53490624119642
robbery,2025-08-01,10.494280617063701,32.224096655483606,19.09443772495187
robbery,2025-09-01,52.47140308531851,31.474556319102533,18.468407120734515
robbery,2025-10-01,31.482841851191097,30.497144293884375,17.98064541992347
robbery,2025-11-01,20.988561234127403,30.24185393485865,17.822751698008858
robbery,2025-12-01,0,29.70703414823027,17.260599488331124
robbery,2026-01-01,10.494280617063701,27.327974632441688,15.55383823931564
robbery,2026-02-01,10.494280617063701,24.472375949077033,13.659766696966178
robbery,2026-03-01,10.494280617063701,23.527283435160584,12.889634683710153
robbery,2026-04-01,0,24.49542686722491,13.156033860408652
robbery,2026-05-01,0,25.645533660564837,13.569235007559364
robbery,2026-06-01,10.494280617063701,25.922456040533152,13.489761738531625
assault,2017-01-01,83.95424493650961,138.68013468988121,51.21918551441737
assault,2017-02-01,62.965683702382194,135.37473186322643,50.9048157321453
assault,2017-03-01,31.482841851191097,143.44328031384455,54.74794709934158
assault,2017-04-01,0,158.0546070308281,59.02421113019369
assault,2017-05-01,83.95424493650961,166.93819999009537,60.353130686157456
assault,2017-06-01,52.47140308531851,167.57646691622594,60.512343289027484
assault,2017-07-01,52.47140308531851,167.34554210878923,61.47493478217176
assault,2017-08-01,31.482841851191097,166.32614119874566,61.48726778431677
assault,2017-09-01,20.988561234127403,159.54550337595148,59.52188832193366
assault,2017-10-01,73.4599643194459,149.90174469206295,57.70103679921255
assault,2017-11-01,104.94280617063701,143.06046833378988,56.553482924972705
assault,2017-12-01,52.47140308531851,137.3120358404157,54.00102857387585
assault,2018-01-01,73.4599643194459,130.13789455025486,50.71682069035006
assault,2018-02-01,62.965683702382194,127.39351366724703,50.482904591895895
assault,2018-03-01,31.482841851191097,135.38060803454403,54.38067620164729
assault,2018-04-01,31.482841851191097,149.71577089043762,58.74508842268899
assault,2018-05-01,31.482841851191097,158.75628498696935,60.197322901490494
assault,2018-06-01,41.977122468254805,160.08402640780514,60.504984624009396
assault,2018-07-01,20.988561234127403,160.63033016547567,61.62825294558865
assault,2018-08-01,41.977122468254805,160.51276860252187,61.82185011957953
assault,2018-09-01,115.4370867877007,154.8675037898255,60.03614824793778
assault,2018-10-01,10.494280617063701,146.38934545994172,58.39206889452325
assault,2018-11-01,31.482841851191097,140.64525079376037,57.4399615734802
assault,2018-12-01,31.482841851191097,135.9249677928178,55.05332702243969
assault,2019-01-01,52.47140308531851,129.78678740146077,51.91334830159023
assault,2019-02-01,94.4485255535733,128.03429163734526,51.88516425372116
assault,2019-03-01,167.90848987301922,137.0349944069856,56.09621148375225
assault,2019-04-01,125.93136740476439,152.76037560825293,60.837742022983
assault,2019-05-01,10.494280617063701,163.2435957137694,62.56798349227918
assault,2019-06-01,94.4485255535733,165.91910147018638,63.10543966878387
assault,2019-07-01,73.4599643194459,167.74229317881463,64.46880691235633
assault,2019-08-01,10.494280617063701,168.8867065604264,64.8406189882688
assault,2019-09-01,0,164.12439010496513,63.09704236163862
assault,2019-10-01,62.965683702382194,156.1620492656685,61.452894991280964
assault,2019-11-01,83.95424493650961,150.98145342851862,60.49188812080984
assault,2019-12-01,104.94280617063701,146.72482801805384,57.97135222310619
assault,2020-01-01,20.988561234127403,140.82123188666742,54.613240872885996
assault,2020-02-01,52.47140308531851,139.55332012230792,54.48653616471166
assault,2020-03-01,104.94280617063701,149.9456355393078,58.775114215309856
assault,2020-04-01,83.95424493650961,167.7256675788384,63.527452548619095
assault,2020-05-01,52.47140308531851,179.7290587112675,65.068520032287
assault,2020-06-01,94.4485255535733,183.08739266652594,65.29801692282142
assault,2020-07-01,73.4599643194459,185.39910569457803,66.33186942684996
assault,2020-08-01,157.4142092559555,186.86738188040923,66.27048238496842
assault,2020-09-01,31.482841851191097,181.6881976278726,64.00582344382387
assault,2020-10-01,62.965683702382194,172.85920476463446,61.83723472480936
assault,2020-11-01,52.47140308531851,167.01405445550955,60.318084390958255
assault,2020-12-01,41.977122468254805,162.1178893751723,57.26608455828523
assault,2021-01-01,52.47140308531851,155.33445777893638,53.41312804520006
assault,2021-02-01,31.482841851191097,153.61100922295776,52.757638027634776
assault,2021-03-01,20.988561234127403,164.63349952771898,56.40439204880279
assault,2021-04-01,115.4370867877007,183.6403845428712,60.39739935966122
assault,2021-05-01,62.965683702382194,196.19768335702165,61.34742185399208
assault,2021-06-01,62.965683702382194,199.20477676087438,61.09358224373557
assault,2021-07-01,62.965683702382194,201.04214360112766,61.67543210226838
assault,2021-08-01,41.977122468254805,201.9056185083487,61.3141428611811
assault,2021-09-01,10.494280617063701,195.5892510668945,59.031232578942884
assault,2021-10-01,10.494280617063701,185.4200097497425,56.966818226521006
assault,2021-11-01,31.482841851191097,178.49253652600527,55.62592332773822
assault,2021-12-01,41.977122468254805,172.6492254208632,52.98111344762423
assault,2022-01-01,41.977122468254805,164.82750467223818,49.69292649374328
assault,2022-02-01,73.4599643194459,162.41461607014026,49.47134213927
assault,2022-03-01,62.965683702382194,173.50960645845169,53.374083590858874
assault,2022-04-01,41.977122468254805,192.85834876850544,57.85733150904599
assault,2022-05-01,41.977122468254805,205.3482188330661,59.59890447173428
assault,2022-06-01,20.988561234127403,207.77214884308816,60.35667899767671
assault,2022-07-01,73.4599643194459,208.99030359645016,62.06482688147367
assault,2022-08-01,31.482841851191097,209.17184944910272,63.02995545135286
assault,2022-09-01,41.977122468254805,201.94287331012825,62.13265755623317
assault,2022-10-01,115.4370867877007,190.82220215846772,61.474726552143636
assault,2022-11-01,94.4485255535733,183.08332901111683,61.70304241758623
assault,2022-12-01,94.4485255535733,176.52765192482545,60.42736770041985
assault,2023-01-01,31.482841851191097,167.98490689375606,58.37089419651823
assault,2023-02-01,52.47140308531851,164.99841063814213,59.857780239502866
assault,2023-03-01,115.4370867877007,175.77081988041925,66.31130052832256
assault,2023-04-01,41.977122468254805,194.770465032403,73.95666830176519
assault,2023-05-01,52.47140308531851,206.77928485822522,78.20730367453828
assault,2023-06-01,104.94280617063701,208.60392474455537,81.22389626679157
assault,2023-07-01,73.4599643194459,209.24382637820955,85.38621838469194
assault,2023-08-01,104.94280617063701,208.84065500861374,88.45416309570729
assault,2023-09-01,157.4142092559555,201.07709867650107,88.632601942819
assault,2023-10-01,104.94280617063701,189.52225186667013,88.75728740800287
assault,2023-11-01,52.47140308531851,181.37572410389313,89.84401049983767
assault,2023-12-01,104.94280617063701,174.46769116296767,88.36818573651112
assault,2024-01-01,115.4370867877007,165.63371760028429,85.40200716644145
assault,2024-02-01,41.977122468254805,162.3206275129994,87.2649363950289
assault,2024-03-01,83.95424493650961,172.56379540214186,96.09678125010576
assault,2024-04-01,73.4599643194459,190.81584731945802,105.96216362041092
assault,2024-05-01,125.93136740476439,202.18718944244247,110.39552108863164
assault,2024-06-01,115.4370867877007,203.57986275097673,112.45156139688623
assault,2024-07-01,104.94280617063701,203.84266464728222,115.56780806379744
assault,2024-08-01,104.94280617063701,203.0956408153788,116.48487339727835
assault,2024-09-01,157.4142092559555,195.22270193381217,113.1152453081819
assault,2024-10-01,199.39133172421032,183.72546534866333,109.51976531236336
assault,2024-11-01,115.4370867877007,175.5674093076403,106.75325687564053
assault,2024-12-01,146.9199286388918,168.65133900949712,100.99884985380032
assault,2025-01-01,104.94280617063701,159.89958499060623,93.59471514947931
assault,2025-02-01,73.4599643194459,156.50522686313866,91.58137907440546
assault,2025-03-01,94.4485255535733,166.21747716290204,96.84229994720674
assault,2025-04-01,146.9199286388918,183.59405023060825,102.16392461354779
assault,2025-05-01,31.482841851191097,194.3380093688444,102.00588172233682
assault,2025-06-01,62.965683702382194,195.48388506995676,99.51885495655789
assault,2025-07-01,41.977122468254805,195.5608042755923,98.22339786215166
assault,2025-08-01,62.965683702382194,194.6745544813819,95.13080396856861
assault,2025-09-01,104.94280617063701,186.97529176685822,88.97711089565075
assault,2025-10-01,73.4599643194459,175.83372072623408,83.27253595344557
assault,2025-11-01,73.4599643194459,167.9066631130009,78.56083574831234
assault,2025-12-01,104.94280617063701,161.1896812591297,72.18307116598145
assault,2026-01-01,73.4599643194459,152.73265609985484,65.05723188125721
assault,2026-02-01,62.965683702382194,149.40803747141695,62.065425921882955
assault,2026-03-01,83.95424493650961,158.60825630360895,64.28257789135209
assault,2026-04-01,94.4485255535733,175.11083454893745,66.43028563513552
assault,2026-05-01,52.47140308531851,185.2873961847012,65.16938527889452
assault,2026-06-01,52.47140308531851,186.31595839025707,62.58546521198597
burglary,2017-01-01,451.2540665337391,326.83177705344775,235.46530396423398
burglary,2017-02-01,157.4142092559555,299.9798885115207,214.18060124875373
burglary,2017-03-01,199.39133172421032,299.7176047064788,211.77118347351004
burglary,2017-04-01,209.88561234127403,316.7618081241737,219.03295311414442
burglary,2017-05-01,209.88561234127403,328.5197987076775,220.04858487573807
burglary,2017-06-01,188.8970511071466,332.67217795994486,216.6070265197866
burglary,2017-07-01,262.3570154265925,339.51698516731255,219.3944502379958
burglary,2017-08-01,220.3798929583377,341.4896385187144,224.13677014660684
burglary,2017-09-01,146.9199286388918,330.14152054426137,222.13433261049727
burglary,2017-10-01,398.78266344842064,319.8479173285641,218.77928788524443
burglary,2017-11-01,388.2883828313569,320.4762490425806,219.22449272860075
burglary,2017-12-01,241.3684541924651,314.6555386785827,212.87120653626135
burglary,2018-01-01,262.3570154265925,289.0054111407415,192.9481659073297
burglary,2018-02-01,136.4256480218281,265.32960194824244,175.26659333938957
burglary,2018-03-01,94.4485255535733,265.16919565448984,173.04934537091486
burglary,2018-04-01,167.90848987301922,280.34383007213194,178.66640930788714
burglary,2018-05-01,199.39133172421032,290.85664988312476,179.15064111547434
burglary,2018-06-01,136.4256480218281,294.6561914822884,175.9621152442456
burglary,2018-07-01,199.39133172421032,300.8522994491166,177.81231292580384
burglary,2018-08-01,230.8741735754014,302.7510916908827,181.1815281675179
burglary,2018-09-01,146.9199286388918,292.8477128324636,179.05553511819315
burglary,2018-10-01,178.4027704900829,283.8755978301492,175.8330893778864
burglary,2018-11-01,157.4142092559555,284.6093668808117,175.61924447144568
burglary,2018-12-01,199.39133172421032,279.6186362088471,169.96075307608518
burglary,2019-01-01,146.9199286388918,257.00658880757703,153.49791633909166
burglary,2019-02-01,220.3798929583377,236.13376549815786,138.91324561967744
burglary,2019-03-01,209.88561234127403,236.16989366361517,136.6888174850123
burglary,2019-04-01,146.9199286388918,249.91412065634515,140.59294724244495
burglary,2019-05-01,136.4256480218281,259.538369845201,140.46476488122025
burglary,2019-06-01,62.965683702382194,263.219343137336,137.46279413479283
burglary,2019-07-01,115.4370867877007,269.07023930114036,138.43873484627662
burglary,2019-08-01,125.93136740476439,271.1294327338129,140.59713696133335
burglary,2019-09-01,115.4370867877007,262.6442555833509,138.52453327006577
burglary,2019-10-01,157.4142092559555,254.9923895628676,135.67037859461763
burglary,2019-11-01,73.4599643194459,256.0996286202766,135.18140055052856
burglary,2019-12-01,52.47140308531851,252.07387320064996,130.57293590231654
burglary,2020-01-01,73.4599643194459,232.16840298718864,117.73710786526195
burglary,2020-02-01,83.95424493650961,213.7885070340692,106.4239816125098
burglary,2020-03-01,125.93136740476439,214.23445973686495,104.56865858829646
burglary,2020-04-01,31.482841851191097,227.2803537855777,107.51292592881455
burglary,2020-05-01,62.965683702382194,236.65198732320283,107.41593736343941
burglary,2020-06-01,115.4370867877007,240.69707108085353,105.16388845906377
burglary,2020-07-01,104.94280617063701,246.7686649615801,105.99469749049311
burglary,2020-08-01,83.95424493650961,249.45018983006983,107.77938720217162
burglary,2020-09-01,146.9199286388918,242.4532321017667,106.3646314485053
burglary,2020-10-01,73.4599643194459,236.1893740324942,104.37927242738091
burglary,2020-11-01,125.93136740476439,238.08425724489072,104.25832253364655
burglary,2020-12-01,136.4256480218281,235.1995692606599,100.98404833112625
burglary,2021-01-01,83.95424493650961,217.4627387527679,91.35784825314204
burglary,2021-02-01,136.4256480218281,201.02737037603978,82.88987150242866
burglary,2021-03-01,52.47140308531851,202.1998814446564,81.81371465690343
burglary,2021-04-01,115.4370867877007,215.3370722599646,84.50911818240887
burglary,2021-05-01,136.4256480218281,225.03139592854382,84.85303081681717
burglary,2021-06-01,62.965683702382194,229.7088506933951,83.54259856231275
burglary,2021-07-01,115.4370867877007,236.29271074298532,84.70390291664027
burglary,2021-08-01,94.4485255535733,239.6381319996787,86.70528741597366
burglary,2021-09-01,83.95424493650961,233.61573826050102,86.18539408408205
burglary,2021-10-01,188.8970511071466,228.17754065265018,85.21318561632869
burglary,2021-11-01,115.4370867877007,230.55748254666477,85.82442615019896
burglary,2021-12-01,62.965683702382194,228.21746778178306,83.845535457787
burglary,2022-01-01,83.95424493650961,211.37145927720974,76.57159394179719
burglary,2022-02-01,41.977122468254805,195.66816049494173,70.1723231879496
burglary,2022-03-01,52.47140308531851,196.99984454496456,69.92398671934211
burglary,2022-04-01,83.95424493650961,209.9569604944722,73.03287917421929
burglary,2022-05-01,73.4599643194459,219.49862125832277,74.16132454743178
burglary,2022-06-01,73.4599643194459,224.08157247257432,73.91290181741994
burglary,2022-07-01,73.4599643194459,230.45094702458326,75.87222752945434
burglary,2022-08-01,115.4370867877007,233.5808052086297,78.70726829879949
burglary,2022-09-01,52.47140308531851,227.5048216775465,79.33054940532409
burglary,2022-10-01,20.988561234127403,221.94406833834273,79.53923016538094
burglary,2022-11-01,52.47140308531851,223.91192409030586,81.30737439312215
burglary,2022-12-01,20.988561234127403,221.2423531804078,80.60036956142312
burglary,2023-01-01,94.4485255535733,204.47250447826292,74.73238150509374
burglary,2023-02-01,62.965683702382194,188.823329655122,69.52725468093034
burglary,2023-03-01,83.95424493650961,189.64887070991446,70.2164563227317
burglary,2023-04-01,73.4599643194459,201.53279200495246,74.40659988128542
burglary,2023-05-01,62.965683702382194,210.04832310607912,76.57999086561097
burglary,2023-06-01,31.482841851191097,213.70942197301775,77.33691607565262
burglary,2023-07-01,52.47140308531851,219.02048858100883,80.33879712785651
burglary,2023-08-01,41.977122468254805,221.15444897440983,84.28595862304145
burglary,2023-09-01,83.95424493650961,214.54564621661697,85.81230927024748
burglary,2023-10-01,52.47140308531851,208.4616033942623,86.76756758637744
burglary,2023-11-01,115.4370867877007,209.40197419749222,89.3518279010527
burglary,2023-12-01,94.4485255535733,206.00671754023102,89.09070746111968
burglary,2024-01-01,83.95424493650961,189.5046366633167,82.98865369581686
burglary,2024-02-01,31.482841851191097,174.15533625711754,77.46012124933338
burglary,2024-03-01,115.4370867877007,174.0711869486707,78.38663457688152
burglary,2024-04-01,94.4485255535733,184.02131427596257,83.1139528617853
burglary,2024-05-01,136.4256480218281,190.80418721786594,85.47808106712705
burglary,2024-06-01,73.4599643194459,193.0584395916069,86.13890274234821
burglary,2024-07-01,104.94280617063701,196.76677109144055,89.17981193875862
burglary,2024-08-01,62.965683702382194,197.51950111440937,93.10712084281738
burglary,2024-09-01,83.95424493650961,190.46194432708802,94.2048485089216
burglary,2024-10-01,62.965683702382194,183.9579662055049,94.5715325898973
burglary,2024-11-01,178.4027704900829,183.63363085287526,96.56806730453141
burglary,2024-12-01,73.4599643194459,179.5555442304713,95.42097941998817
burglary,2025-01-01,115.4370867877007,164.13107274179217,87.99887804520412
burglary,2025-02-01,94.4485255535733,149.89116005386376,81.27337631726007
burglary,2025-03-01,104.94280617063701,149.02773470493236,81.41547382772397
burglary,2025-04-01,62.965683702382194,156.58999283664204,85.37243803150896
burglary,2025-05-01,115.4370867877007,161.4319061261069,86.85918761802898
burglary,2025-06-01,62.965683702382194,162.4041908289927,86.57177976684962
burglary,2025-07-01,83.95424493650961,164.64433930036824,88.7026083983002
burglary,2025-08-01,52.47140308531851,164.41241855205845,91.66308056309107
burglary,2025-09-01,157.4142092559555,157.7608723133184,91.85233037635616
burglary,2025-10-01,83.95424493650961,151.69757328511864,91.40730280823094
burglary,2025-11-01,62.965683702382194,150.7840360479888,92.55558986726811
burglary,2025-12-01,94.4485255535733,146.87179349690132,90.7699788450855
burglary,2026-01-01,73.4599643194459,133.76692484528868,83.11266719060411
burglary,2026-02-01,94.4485255535733,121.75666961234836,76.26164484683453
burglary,2026-03-01,83.95424493650961,120.72677344971495,75.98784228358228
burglary,2026-04-01,73.4599643194459,126.51091451700606,79.25894902979175
burglary,2026-05-01,94.4485255535733,130.12244107231348,80.27440136980732
burglary,2026-06-01,31.482841851191097,130.63615204558218,79.68457907819177
theft,2017-01-01,1458.7050057718543,1469.4706173483141,1240.7800956113254
theft,2017-02-01,1091.4051841746248,1386.5256666654789,1141.2618810802446
theft,2017-03-01,1490.1878476230454,1401.0599549110123,1147.667123823066
theft,2017-04-01,1217.3365515793894,1473.6572345474444,1214.3550827347026
theft,2017-05-01,1395.739322069472,1523.1548593484956,1233.9668360168912
theft,2017-06-01,1280.3022352817716,1552.4748278804655,1240.054376580938
theft,2017-07-01,1164.8651484940706,1596.2217821556774,1305.347496495284
theft,2017-08-01,1448.2107251547907,1614.3646323568573,1353.6678202722355
theft,2017-09-01,1059.9223423234337,1573.6519863172655,1295.6572528103584
theft,2017-10-01,1164.8651484940706,1536.7111210254811,1235.8327216707187
theft,2017-11-01,1080.9109035575611,1543.076509558442,1274.9154184885028
theft,2017-12-01,1185.853709728198,1522.2228194398,1317.1234112222814
theft,2018-01-01,1269.8079546647077,1426.8990631871686,1238.0221966830586
theft,2018-02-01,1196.347990345262,1345.081771796184,1136.2290827804823
theft,2018-03-01,1332.77363836709,1357.848856845423,1140.0071662616133
theft,2018-04-01,1101.8994647916884,1426.4578928879164,1202.8200645396626
theft,2018-05-01,1427.2221639206632,1472.4144202613522,1218.4832367472661
theft,2018-06-01,1038.9337810893064,1498.4815353466947,1220.1871613486303
theft,2018-07-01,1448.2107251547907,1538.2296143501478,1279.6442968458987
theft,2018-08-01,1532.1649700913003,1552.9011243701239,1321.4532079918774
theft,2018-09-01,1143.8765872599433,1510.775654936103,1259.088486373312
theft,2018-10-01,1059.9223423234337,1472.3085849416266,1195.290957582527
theft,2018-11-01,1080.9109035575611,1475.0858656192452,1226.6738458376674
theft,2018-12-01,1206.8422709623255,1451.7931165960938,1260.5012611953446
theft,2019-01-01,1059.9223423234337,1357.5043695737602,1177.9140709239916
theft,2019-02-01,954.9795361527968,1276.440731303355,1074.5388350794553
theft,2019-03-01,1080.9109035575611,1285.640769649175,1072.0874357272523
theft,2019-04-01,1133.3823066428797,1347.3056185513342,1124.0555112648508
theft,2019-05-01,1290.796515898835,1387.5822915776425,1131.7231839999808
theft,2019-06-01,1175.3594291111344,1409.1005460827082,1126.1562072014638
theft,2019-07-01,1332.77363836709,1443.7680087365363,1173.9112480429474
theft,2019-08-01,1311.7850771329624,1455.1151481465731,1204.876892893168
theft,2019-09-01,1070.4166229404973,1413.7555847236952,1141.2350095815245
theft,2019-10-01,1175.3594291111344,1376.4896098180461,1077.483267217206
theft,2019-11-01,1070.4166229404973,1378.3752621836436,1099.879788062975
theft,2019-12-01,1385.2450414524085,1356.5591052586328,1124.7792941727369
theft,2020-01-01,996.9566586210515,1269.0205413322622,1046.2472690156765
theft,2020-02-01,1227.830832196453,1194.3652016289848,950.3953487767742
theft,2020-03-01,913.0024136845418,1204.3520414741902,944.5548543665847
theft,2020-04-01,745.0939238115227,1264.5260859585308,986.8858102964916
theft,2020-05-01,986.4623780039879,1305.3489214062627,990.6198708929296
theft,2020-06-01,871.0252912162871,1329.417791677104,983.0428112298958
theft,2020-07-01,1080.9109035575611,1366.5764648186134,1022.3871119808399
theft,2020-08-01,1070.4166229404973,1382.6427595766165,1047.2703319012958
theft,2020-09-01,1164.8651484940706,1349.2051883778306,990.3508120761643
theft,2020-10-01,996.9566586210515,1319.8128199004211,933.9061251036088
theft,2020-11-01,1017.9452198551788,1328.6674013603417,952.5045383442646
theft,2020-12-01,892.0138524504146,1314.8821794667724,973.6172538149209
theft,2021-01-01,755.5882044285864,1237.4381721434695,905.5348821332237
theft,2021-02-01,703.116801343268,1171.8886435566076,822.7897589722385
theft,2021-03-01,787.0710462797775,1188.597725283666,818.5219912576845
theft,2021-04-01,724.1053625773953,1255.8699582796223,856.0592861592235
theft,2021-05-01,975.9680973869241,1304.227585769907,860.4323921556021
theft,2021-06-01,818.5538881309685,1336.3016199678711,855.3283930464949
theft,2021-07-01,818.5538881309685,1381.3073974129773,891.3705173394708
theft,2021-08-01,965.4738167698604,1405.0628466717499,915.3160791769379
theft,2021-09-01,1049.42806170637,1377.791211566473,868.0153154354228
theft,2021-10-01,776.5767656627138,1353.4064906625158,821.0700714762266
theft,2021-11-01,766.0824850456502,1367.4733266683265,840.4028437644693
theft,2021-12-01,913.0024136845418,1357.2001737820672,862.2914876994819
theft,2022-01-01,871.0252912162871,1280.2272695704678,805.4234274857058
theft,2022-02-01,734.5996431944591,1214.3977780747573,735.2246536682985
theft,2022-03-01,724.1053625773953,1232.812048795175,734.7145522567528
theft,2022-04-01,682.1282401091405,1303.0279053755123,772.5240047424104
theft,2022-05-01,724.1053625773953,1352.7692461210747,780.7649912487192
theft,2022-06-01,713.6110819603316,1384.6536234366874,780.8508920340872
theft,2022-07-01,871.0252912162871,1428.9792079461304,818.828754146199
theft,2022-08-01,745.0939238115227,1450.1622802948775,846.548100147086
theft,2022-09-01,923.4966943016055,1417.7340437766434,808.5576942457911
theft,2022-10-01,818.5538881309685,1387.702931483011,770.392068247831
theft,2022-11-01,713.6110819603316,1396.1639204914145,794.6697596503192
theft,2022-12-01,766.0824850456502,1379.2938622230502,821.6361059580539
theft,2023-01-01,881.5195718333508,1294.3239089736462,773.5904096811577
theft,2023-02-01,661.1396788750131,1220.9743002011478,711.7863590706213
theft,2023-03-01,671.6339594920769,1233.0016962798059,716.3165419272586
theft,2023-04-01,787.0710462797775,1295.444526182535,758.8948855930541
theft,2023-05-01,860.5310105992235,1336.980925885555,772.3685941797085
theft,2023-06-01,703.116801343268,1360.132728615065,777.708571312633
theft,2023-07-01,923.4966943016055,1395.4443998412064,820.4727179708094
theft,2023-08-01,766.0824850456502,1407.7391740138705,853.008714739775
theft,2023-09-01,682.1282401091405,1368.4002262975519,818.6828773776754
theft,2023-10-01,776.5767656627138,1332.3744167473772,783.0752195900444
theft,2023-11-01,776.5767656627138,1333.6145619750826,810.3150531943031
theft,2023-12-01,913.0024136845418,1311.3267135355532,839.69654339904
theft,2024-01-01,965.4738167698604,1224.9444540311058,791.7633243971728
theft,2024-02-01,619.1625564067583,1150.614538606467,728.9575459975351
theft,2024-03-01,860.5310105992235,1157.5296610588935,733.483806717623
theft,2024-04-01,797.5653268968413,1211.675751367016,776.2770236144695
theft,2024-05-01,860.5310105992235,1246.4302262544586,788.6196715960463
theft,2024-06-01,871.0252912162871,1264.0963133681996,791.905080034829
theft,2024-07-01,839.5424493650961,1293.4092397462769,832.5594990223725
theft,2024-08-01,818.5538881309685,1301.5451553093508,861.7497786744281
theft,2024-09-01,703.116801343268,1262.3844933307057,822.7236734951642
theft,2024-10-01,745.0939238115227,1226.8525368139567,782.3758812616921
theft,2024-11-01,913.0024136845418,1225.934136265761,804.2327547789904
theft,2024-12-01,892.0138524504146,1203.7532930161321,827.6368793475447
theft,2025-01-01,671.6339594920769,1123.0524733738573,774.5015194970146
theft,2025-02-01,598.173995172631,1053.7847776024785,707.4633369898731
theft,2025-03-01,640.1511176408858,1059.493774394144,706.6625295296119
theft,2025-04-01,808.0596075139049,1108.2138476272858,741.8234640894323
theft,2025-05-01,724.1053625773953,1139.2919781073674,747.7127271456668
theft,2025-06-01,545.7025920873124,1154.8040745348385,744.8424903689703
theft,2025-07-01,734.5996431944591,1181.0363287846258,777.2168303501095
theft,2025-08-01,661.1396788750131,1187.9534871883009,798.5163483926094
theft,2025-09-01,787.0710462797775,1151.7451704839245,757.0455970829968
theft,2025-10-01,797.5653268968413,1118.9181236270078,715.3797525229
theft,2025-11-01,787.0710462797775,1117.690089463601,730.9083046784908
theft,2025-12-01,965.4738167698604,1097.122687020759,748.0942965568462
theft,2026-01-01,829.0481687480323,1023.2601640535082,696.4485341122896
theft,2026-02-01,671.6339594920769,959.8824942537975,633.1693779854243
theft,2026-03-01,745.0939238115227,964.8689870068446,630.0129940439398
theft,2026-04-01,514.2197502361214,1009.0188479408366,658.8265934212478
theft,2026-05-01,587.6797145555672,1037.122260565714,661.8830126901329
theft,2026-06-01,545.7025920873124,1051.0672086039706,657.4086708354088
motor,2017-01-01,41.977122468254805,165.2625437642407,69.16898591845874
motor,2017-02-01,52.47140308531851,152.99727264387462,63.44504399069786
motor,2017-03-01,62.965683702382194,150.62758756919342,64.66968667584482
motor,2017-04-01,73.4599643194459,157.62777640989623,68.79438830184101
motor,2017-05-01,41.977122468254805,166.26607426885195,70.33812678763528
motor,2017-06-01,31.482841851191097,172.8198824492229,69.97797216042338
motor,2017-07-01,73.4599643194459,177.47152449366578,70.07097150938253
motor,2017-08-01,104.94280617063701,176.33930475060689,68.68846323516485
motor,2017-09-01,52.47140308531851,168.50582747290522,65.63916623827689
motor,2017-10-01,52.47140308531851,162.5116793952773,65.01575750479961
motor,2017-11-01,52.47140308531851,163.34962864746933,67.1696948264876
motor,2017-12-01,41.977122468254805,163.13687051254513,66.09573568322577
motor,2018-01-01,52.47140308531851,153.78186964903892,59.87067459784134
motor,2018-02-01,20.988561234127403,142.7298591003801,55.447284642382705
motor,2018-03-01,52.47140308531851,140.88928698228628,57.08493348287132
motor,2018-04-01,31.482841851191097,147.92279789382323,61.48930856968866
motor,2018-05-01,52.47140308531851,156.58600283221284,63.725203645885955
motor,2018-06-01,20.988561234127403,163.42217435609447,64.38656328621052
motor,2018-07-01,125.93136740476439,168.5469698271985,65.53783094167902
motor,2018-08-01,41.977122468254805,168.28613071335377,65.43934746840048
motor,2018-09-01,94.4485255535733,161.6565468934986,63.793128447725145
motor,2018-10-01,73.4599643194459,156.7590910411246,64.51030736613995
motor,2018-11-01,52.47140308531851,158.52024852340872,68.19104907887387
motor,2018-12-01,52.47140308531851,159.29888540859162,68.69869127942654
motor,2019-01-01,20.988561234127403,151.17967414145375,63.83171780205566
motor,2019-02-01,83.95424493650961,141.30277476741333,60.68491787810274
motor,2019-03-01,52.47140308531851,140.3936340206485,63.99502167206984
motor,2019-04-01,73.4599643194459,148.49325895922172,70.79080463235594
motor,2019-05-01,136.4256480218281,158.3303410568808,75.25409308665827
motor,2019-06-01,94.4485255535733,166.48785283229518,78.00472488359483
motor,2019-07-01,125.93136740476439,172.95713518916781,81.30544518920733
motor,2019-08-01,104.94280617063701,173.97277222841026,83.07883281772767
motor,2019-09-01,62.965683702382194,168.3369225898268,82.72844538723426
motor,2019-10-01,62.965683702382194,164.35606302760178,85.21778000291296
motor,2019-11-01,125.93136740476439,167.33629845532016,91.58274167902297
motor,2019-12-01,94.4485255535733,169.2173615877318,93.49613264289538
motor,2020-01-01,104.94280617063701,161.58619434005152,87.81551639104656
motor,2020-02-01,52.47140308531851,151.91434733274372,84.14379392000741
motor,2020-03-01,167.90848987301922,151.7367660698593,89.21550658130569
motor,2020-04-01,136.4256480218281,161.33237463001615,98.90465018683886
motor,2020-05-01,146.9199286388918,172.83904353317524,105.06566216066963
motor,2020-06-01,41.977122468254805,182.57965483923903,108.50927544953697
motor,2020-07-01,94.4485255535733,190.45882822380702,112.38471098576797
motor,2020-08-01,146.9199286388918,192.33444455314165,113.75288973796374
motor,2020-09-01,83.95424493650961,186.77842412285975,111.87303295572076
motor,2020-10-01,94.4485255535733,182.94424990582718,113.53989289498513
motor,2020-11-01,146.9199286388918,186.8160797306588,119.82096765175838
motor,2020-12-01,83.95424493650961,189.39912323259227,119.90505820561322
motor,2021-01-01,62.965683702382194,181.27288551892224,110.09938365435488
motor,2021-02-01,52.47140308531851,170.751332382615,102.97393641836754
motor,2021-03-01,73.4599643194459,170.74370224203952,106.62571958129675
motor,2021-04-01,136.4256480218281,181.75607405639062,115.19227190013892
motor,2021-05-01,115.4370867877007,194.86746100695237,119.32653527839531
motor,2021-06-01,146.9199286388918,205.92689245807435,120.1069063760115
motor,2021-07-01,73.4599643194459,214.80394142718424,121.42281667946276
motor,2021-08-01,167.90848987301922,216.81494875390456,120.00893552504121
motor,2021-09-01,136.4256480218281,210.3547662399691,115.44156732986288
motor,2021-10-01,146.9199286388918,205.75819454958307,114.912380501311
motor,2021-11-01,136.4256480218281,209.72032605548313,119.160629795094
motor,2021-12-01,199.39133172421032,212.13836547100533,117.52808304767835
motor,2022-01-01,104.94280617063701,202.46544534547618,106.58495696978768
motor,2022-02-01,73.4599643194459,190.08588905274289,98.7133994712689
motor,2022-03-01,62.965683702382194,189.43341811472158,101.53907655428858
motor,2022-04-01,115.4370867877007,200.80270921994043,109.1654028232258
motor,2022-05-01,136.4256480218281,214.31301719288896,112.83242804366078
motor,2022-06-01,209.88561234127403,225.3094979876404,113.60058495409558
motor,2022-07-01,62.965683702382194,233.74330436886646,115.15999600039996
motor,2022-08-01,83.95424493650961,234.49421030518403,114.4342237385478
motor,2022-09-01,73.4599643194459,226.01241284107806,110.9625549830997
motor,2022-10-01,146.9199286388918,219.56830396692712,111.58107975906971
motor,2022-11-01,115.4370867877007,222.12431718455036,117.17961894253501
motor,2022-12-01,83.95424493650961,222.97372650707777,117.19790969804403
motor,2023-01-01,83.95424493650961,211.05441661529034,107.97541882717901
motor,2023-02-01,125.93136740476439,196.45195356784734,101.68971258732324
motor,2023-03-01,115.4370867877007,194.21164409693634,106.24637268502002
motor,2023-04-01,20.988561234127403,203.99389617035018,116.23600287857842
motor,2023-05-01,167.90848987301922,215.75373050103292,122.15862697290684
motor,2023-06-01,94.4485255535733,224.66620368966943,125.04662014354003
motor,2023-07-01,83.95424493650961,230.89524313857345,128.68504910173237
motor,2023-08-01,94.4485255535733,229.37069926721205,129.6915201503728
motor,2023-09-01,94.4485255535733,218.89284275501964,127.30604118390833
motor,2023-10-01,94.4485255535733,210.61011939653628,129.2683268946517
motor,2023-11-01,104.94280617063701,210.93875854973803,136.81903321490597
motor,2023-12-01,304.33413789484734,209.69375850187768,137.5791913325071
motor,2024-01-01,230.8741735754014,196.48818212916856,127.17390022593932
motor,2024-02-01,178.4027704900829,181.04558643914967,119.89396942399216
motor,2024-03-01,178.4027704900829,177.26598178304263,125.17917879998784
motor,2024-04-01,115.4370867877007,184.29189031601925,136.4882586266601
motor,2024-05-01,157.4142092559555,192.97935124712873,142.66420106947663
motor,2024-06-01,146.9199286388918,198.8790333178018,144.89087379201538
motor,2024-07-01,167.90848987301922,202.3441344203396,147.6515007097767
motor,2024-08-01,62.965683702382194,198.9168674986631,146.97409098689042
motor,2024-09-01,125.93136740476439,187.84760946120335,142.17525658370835
motor,2024-10-01,209.88561234127403,178.9123474622523,142.06684437063512
motor,2024-11-01,178.4027704900829,177.32775738662477,147.64358447029073
motor,2024-12-01,94.4485255535733,174.52132496231758,145.66788654729237
motor,2025-01-01,104.94280617063701,161.8653446419416,131.88761582335778
motor,2025-02-01,94.4485255535733,147.6516149170019,121.68763934960997
motor,2025-03-01,178.4027704900829,143.349629999473,124.50542265359601
motor,2025-04-01,209.88561234127403,147.61458949502548,132.77176299429186
motor,2025-05-01,146.9199286388918,153.1968914972364,135.83696229373808
motor,2025-06-01,83.95424493650961,156.48350604231413,134.98364361821018
motor,2025-07-01,115.4370867877007,157.90751090765502,134.76958428435597
motor,2025-08-01,62.965683702382194,153.9890485858703,131.4679462796633
motor,2025-09-01,83.95424493650961,144.3251106737066,124.78128590282982
motor,2025-10-01,125.93136740476439,136.52309861658338,122.55982591243128
motor,2025-11-01,125.93136740476439,134.4269149449473,125.28114278627825
motor,2025-12-01,157.4142092559555,131.52228192225678,121.78652656019368
motor,2026-01-01,115.4370867877007,121.30321773494794,108.7233705190406
motor,2026-02-01,94.4485255535733,110.08801305291774,99.03579102527104
motor,2026-03-01,178.4027704900829,106.43456524320554,100.26926593229356
motor,2026-04-01,94.4485255535733,109.14692096961663,105.81500650780478
motor,2026-05-01,188.8970511071466,112.87355657267966,107.29630270704072
motor,2026-06-01,62.965683702382194,114.9295722907969,105.77382425387194
violent,2017-01-01,136.4256480218281,245.99415796455418,91.61740674687034
violent,2017-02-01,83.95424493650961,237.24349345377618,88.6561337497691
violent,2017-03-01,73.4599643194459,244.67874479904768,91.83797700091282
violent,2017-04-01,10.494280617063701,265.0713715082418,97.37031006157729
violent,2017-05-01,94.4485255535733,279.892169565351,99.67190731641371
violent,2017-06-01,125.93136740476439,281.74129878839074,99.62463488620791
violent,2017-07-01,73.4599643194459,281.5774793041883,100.48376711368019
violent,2017-08-01,62.965683702382194,281.77822235756884,100.73377935318604
violent,2017-09-01,31.482841851191097,273.57904387508734,98.46460837159803
violent,2017-10-01,104.94280617063701,259.28846796085173,96.34519005842685
violent,2017-11-01,157.4142092559555,249.46313844106308,95.91200090228139
violent,2017-12-01,104.94280617063701,242.89723778603036,93.74243692757032
violent,2018-01-01,125.93136740476439,232.36086245078027,88.63839443568116
violent,2018-02-01,83.95424493650961,224.48456794341402,85.88132928036538
violent,2018-03-01,83.95424493650961,231.93764309809322,89.07976722449705
violent,2018-04-01,52.47140308531851,251.83557516992147,94.6002368981598
violent,2018-05-01,94.4485255535733,266.566137412499,97.00762055375172
violent,2018-06-01,83.95424493650961,269.0766251727971,97.15763104215014
violent,2018-07-01,31.482841851191097,269.7167516445517,98.20561000778999
violent,2018-08-01,115.4370867877007,270.80767201050315,98.68720677283635
violent,2018-09-01,178.4027704900829,263.87476784056923,96.71564036799337
violent,2018-10-01,52.47140308531851,251.0277495547591,94.8904164519356
violent,2018-11-01,83.95424493650961,242.51509884440023,94.74675722324709
violent,2018-12-01,62.965683702382194,237.13749093886244,92.88853114998642
violent,2019-01-01,73.4599643194459,227.89926487175558,88.12201933633187
violent,2019-02-01,125.93136740476439,221.23035720120404,85.6701787689996
violent,2019-03-01,188.8970511071466,229.5906313201178,89.13344112360294
violent,2019-04-01,178.4027704900829,250.53229991640282,94.97444380095003
violent,2019-05-01,20.988561234127403,266.4764313486777,97.69698978047123
violent,2019-06-01,115.4370867877007,270.33364923652135,98.14879873007975
violent,2019-07-01,94.4485255535733,272.2736136430924,99.48040897210802
violent,2019-08-01,62.965683702382194,274.69621610646317,100.22329472241742
violent,2019-09-01,20.988561234127403,268.9138651932352,98.43635744499436
violent,2019-10-01,94.4485255535733,256.9260675625208,96.74479362131501
violent,2019-11-01,83.95424493650961,249.25715238222293,96.72406931688552
violent,2019-12-01,167.90848987301922,244.65183941619986,94.89820338627446
violent,2020-01-01,62.965683702382194,235.9681637810927,90.05004214530058
violent,2020-02-01,94.4485255535733,229.81763620018057,87.51770374633061
violent,2020-03-01,146.9199286388918,239.18371023386715,90.98973491515665
violent,2020-04-01,83.95424493650961,261.70664929255116,96.82088830757236
violent,2020-05-01,94.4485255535733,279.0086138887212,99.41387820613157
violent,2020-06-01,104.94280617063701,283.64048516357514,99.63093309276977
violent,2020-07-01,136.4256480218281,286.1710347055828,100.69273606130115
violent,2020-08-01,178.4027704900829,289.1462722135981,101.0893461794745
violent,2020-09-01,52.47140308531851,283.39269220917964,98.88511722628539
violent,2020-10-01,83.95424493650961,270.98785139786395,96.75477579278241
violent,2020-11-01,115.4370867877007,263.0489827245463,96.24170016962117
violent,2020-12-01,83.95424493650961,258.2593670513931,93.92616733880615
violent,2021-01-01,83.95424493650961,249.0958149026365,88.62330622671261
violent,2021-02-01,62.965683702382194,242.54384392475208,85.6407116130924
violent,2021-03-01,62.965683702382194,252.28339200797157,88.58843600941732
violent,2021-04-01,167.90848987301922,275.8501847440189,93.76868552770537
violent,2021-05-01,73.4599643194459,293.8345233042094,95.83111780495486
violent,2021-06-01,104.94280617063701,298.3926650636825,95.63762603185737
violent,2021-07-01,73.4599643194459,300.6944051829231,96.3384486135652
violent,2021-08-01,73.4599643194459,303.3994954036996,96.48127623577719
violent,2021-09-01,52.47140308531851,296.9103965784031,94.25462101604155
violent,2021-10-01,52.47140308531851,283.4649257843403,92.22340549339533
violent,2021-11-01,41.977122468254805,274.68335779513956,91.86546668719708
violent,2021-12-01,73.4599643194459,269.20388000707527,89.90634260496826
violent,2022-01-01,146.9199286388918,259.1511968823308,85.20044440509001
violent,2022-02-01,115.4370867877007,251.82307757378618,82.81515441240245
violent,2022-03-01,83.95424493650961,261.4330746247607,86.22866134350294
violent,2022-04-01,125.93136740476439,285.22091699690276,92.0654113497082
violent,2022-05-01,83.95424493650961,303.1358897491669,95.01722213533081
violent,2022-06-01,62.965683702382194,307.09625897021493,95.93090634796629
violent,2022-07-01,125.93136740476439,308.7140916481456,97.8623201235142
violent,2022-08-01,31.482841851191097,310.6799186950943,99.44039770810458
violent,2022-09-01,62.965683702382194,303.2131352699436,98.7124314407222
violent,2022-10-01,157.4142092559555,288.698237511098,98.22598694773491
violent,2022-11-01,136.4256480218281,278.9481999958585,99.67389917952917
violent,2022-12-01,157.4142092559555,272.60243548506327,99.38625317013133
violent,2023-01-01,52.47140308531851,261.6331275152037,96.05843502167937
violent,2023-02-01,62.965683702382194,253.4586092510542,95.23341689381819
violent,2023-03-01,136.4256480218281,262.3984209181976,100.92059145496111
violent,2023-04-01,52.47140308531851,285.38726329739137,109.80715660937132
violent,2023-05-01,83.95424493650961,302.40239914239606,115.31160039590354
violent,2023-06-01,136.4256480218281,305.40634690385536,118.37121194907621
violent,2023-07-01,136.4256480218281,306.10402189600546,122.51474499678204
violent,2023-08-01,125.93136740476439,307.11998072225583,126.11187470273636
violent,2023-09-01,178.4027704900829,298.84619883466064,126.51484063094118
violent,2023-10-01,146.9199286388918,283.73748920026395,126.85478246676963
violent,2023-11-01,83.95424493650961,273.3734410866887,129.39021627646454
violent,2023-12-01,125.93136740476439,266.43418566993006,129.3214244384199
violent,2024-01-01,146.9199286388918,255.01719938046176,124.95593428131704
violent,2024-02-01,73.4599643194459,246.39334933636738,123.50566980359237
violent,2024-03-01,104.94280617063701,254.45521982279223,130.2761774246837
violent,2024-04-01,125.93136740476439,276.04652661335274,140.5647255604706
violent,2024-05-01,188.8970511071466,291.805441577934,146.03283839360162
violent,2024-06-01,157.4142092559555,293.99512207479904,147.84801199361607
violent,2024-07-01,125.93136740476439,293.999165903598,150.59027909277208
violent,2024-08-01,146.9199286388918,294.3036039023668,152.05026377977862
violent,2024-09-01,178.4027704900829,285.7422152944074,149.21723890017594
violent,2024-10-01,230.8741735754014,270.73317165002345,146.13288885804926
violent,2024-11-01,167.90848987301922,260.3028038154239,145.17826651555094
violent,2024-12-01,241.3684541924651,253.2029786775772,141.22686422495653
violent,2025-01-01,157.4142092559555,241.88423418121778,132.53028137515105
violent,2025-02-01,104.94280617063701,233.2698819681785,127.10634841007955
violent,2025-03-01,136.4256480218281,240.543221248823,130.35259544998496
violent,2025-04-01,188.8970511071466,260.5087669081733,136.39490370743565
violent,2025-05-01,83.95424493650961,274.946562192357,137.5805382164661
violent,2025-06-01,83.95424493650961,276.58031651235666,135.18560472005962
violent,2025-07-01,62.965683702382194,276.19082236618124,133.88633643385845
violent,2025-08-01,73.4599643194459,276.0934152127907,131.49694225326166
violent,2025-09-01,178.4027704900829,267.71277826415013,125.73386535990304
violent,2025-10-01,115.4370867877007,253.35175710705346,120.2702261217456
violent,2025-11-01,104.94280617063701,243.31490272190447,116.809832331113
violent,2025-12-01,115.4370867877007,236.43811396634487,111.34929992492299
violent,2026-01-01,115.4370867877007,225.6507952383724,102.49792627116045
violent,2026-02-01,115.4370867877007,217.42320419439696,96.59187465980587
violent,2026-03-01,146.9199286388918,224.04105204255114,97.64368732868355
violent,2026-04-01,115.4370867877007,242.4634623565,100.71912797998036
violent,2026-05-01,52.47140308531851,255.74495649741684,100.36167681463199
violent,2026-06-01,104.94280617063701,257.1238317032315,97.54224708551737
property,2017-01-01,1951.9361947738482,2021.812218295089,1566.857701590412
property,2017-02-01,1301.2907965158988,1894.5572781221847,1434.027814726644
property,2017-03-01,1752.544863049638,1906.2330027408364,1445.3082655578155
property,2017-04-01,1500.682128240109,2007.3470632795013,1528.955482087198
property,2017-05-01,1647.6020568790007,2081.792211147968,1544.7365450772859
property,2017-06-01,1500.682128240109,2124.2302364638313,1534.8395631112714
property,2017-07-01,1500.682128240109,2180.9072212024726,1593.8159413977396
property,2017-08-01,1773.5334242837655,2199.5110002859287,1641.0038144175264
property,2017-09-01,1259.313674047644,2136.7665585335494,1581.2143441468365
property,2017-10-01,1616.1192150278098,2081.6850429562587,1527.904961891594
property,2017-11-01,1521.6706894742365,2090.7622824353625,1579.6097292449786
property,2017-12-01,1469.1992863889182,2064.0105358699097,1611.4708584977727
property,2018-01-01,1584.6363731766187,1928.6869768732495,1493.576504409809
property,2018-02-01,1353.7621996012172,1806.3957153003437,1365.6370061113496
property,2018-03-01,1479.6935670059815,1816.6012576670394,1375.0061007080874
property,2018-04-01,1301.2907965158988,1911.7474759945776,1452.7737528814905
property,2018-05-01,1679.0848987301922,1981.2831574816023,1465.7860546023412
property,2018-06-01,1196.347990345262,2020.0793130372826,1454.1450914902093
property,2018-07-01,1773.5334242837655,2072.2454546553627,1507.5516623258004
property,2018-08-01,1805.0162661349564,2087.957316693743,1549.3325164014857
property,2018-09-01,1385.2450414524085,2026.3248646406014,1489.90710286522
property,2018-10-01,1311.7850771329624,1971.996140769026,1436.6926081233285
property,2018-11-01,1290.796515898835,1978.2797712312324,1481.9183832092451
property,2018-12-01,1458.7050057718543,1950.623545738709,1508.2544252341975
property,2019-01-01,1227.830832196453,1820.3971462724755,1394.3236900632216
property,2019-02-01,1259.313674047644,1702.7907830125935,1271.471283007354
property,2019-03-01,1343.2679189841538,1710.5024467236908,1277.004514918105
property,2019-04-01,1353.7621996012172,1798.0155183388524,1345.4203536776158
property,2019-05-01,1563.6478119424912,1861.5435054179334,1353.6881937129149
property,2019-06-01,1332.77363836709,1896.319070548254,1339.0237393913123
property,2019-07-01,1574.142092559555,1943.9953686177569,1384.2740327122838
property,2019-08-01,1542.6592507083637,1957.8433709225758,1418.4852535925163
property,2019-09-01,1248.8193934305802,1899.7072066773696,1360.120916344385
property,2019-10-01,1395.739322069472,1849.0089755135577,1307.9153597937664
property,2019-11-01,1269.8079546647077,1855.8041890051002,1345.3284402383783
property,2019-12-01,1532.1649700913003,1831.4008372420976,1365.648675391698
property,2020-01-01,1175.3594291111344,1711.281663271076,1259.1617082864432
property,2020-02-01,1364.256480218281,1603.3751501693573,1145.2864987099751
property,2020-03-01,1206.8422709623255,1613.426397156743,1147.334027068578
property,2020-04-01,913.0024136845418,1700.1062788695092,1205.9229760163676
property,2020-05-01,1196.347990345262,1764.9940307082907,1210.6278642923135
property,2020-06-01,1028.4395004722428,1803.7575068941605,1194.8509197549406
property,2020-07-01,1280.3022352817716,1855.5754700439898,1232.6775191911022
property,2020-08-01,1301.2907965158988,1876.282590385589,1260.5497545605303
property,2020-09-01,1395.739322069472,1828.5886013374975,1206.2948592089983
property,2020-10-01,1164.8651484940706,1788.0551686247875,1157.8684799841703
property,2020-11-01,1290.796515898835,1803.9248106390207,1188.8528792969998
property,2020-12-01,1112.3937454087522,1789.6582617360518,1204.8590386257688
property,2021-01-01,902.5081330674782,1681.8236596859736,1109.2262680348897
property,2021-02-01,892.0138524504146,1584.9887187385307,1007.5958892792992
property,2021-03-01,913.0024136845418,1603.5967043777232,1008.7726005496676
property,2021-04-01,975.9680973869241,1699.6358474870237,1059.4846094592342
property,2021-05-01,1227.830832196453,1774.2920133530363,1063.1773019553927
property,2021-06-01,1028.4395004722428,1823.2794374538812,1049.2638829840348
property,2021-07-01,1007.4509392381151,1885.158572706517,1082.8661565090047
property,2021-08-01,1227.830832196453,1915.4546721967592,1108.264980204253
property,2021-09-01,1269.8079546647077,1874.9553400577713,1061.9720445947041
property,2021-10-01,1112.3937454087522,1840.2034283710263,1021.1860554943663
property,2021-11-01,1017.9452198551788,1862.5064661396666,1051.0918534893706
property,2021-12-01,1175.3594291111344,1852.3944967446046,1068.3820998395324
property,2022-01-01,1059.9223423234337,1744.1772274480843,987.1440493489105
property,2022-02-01,850.0367299821598,1645.901804244846,900.4821728722499
property,2022-03-01,839.5424493650961,1666.265320960946,905.4389292020729
property,2022-04-01,881.5195718333508,1766.1941770776352,956.062720059412
property,2022-05-01,933.9909749186694,1842.7847918486984,964.9226444263786
property,2022-06-01,996.9566586210515,1891.4189357733214,958.5247643188583
property,2022-07-01,1007.4509392381151,1952.171955301506,996.0501995692046
property,2022-08-01,944.4852555357331,1978.6917894632313,1027.2855941243333
property,2022-09-01,1049.42806170637,1930.8787416969044,992.5634191797146
property,2022-10-01,986.4623780039879,1888.2947382636999,962.6501511302845
property,2022-11-01,881.5195718333508,1903.0240163406966,1000.097903009159
property,2022-12-01,871.0252912162871,1883.9731417434737,1026.0446888391482
property,2023-01-01,1059.9223423234337,1764.718364787489,957.3385006272417
property,2023-02-01,850.0367299821598,1656.0550382439192,881.9010036836252
property,2023-03-01,871.0252912162871,1667.7274245878502,894.5662927289915
property,2023-04-01,881.5195718333508,1757.0818491926555,953.5759874806181
property,2023-05-01,1091.4051841746248,1822.3080096214812,970.9260993938688
property,2023-06-01,829.0481687480323,1858.684844680437,972.8049696976532
property,2023-07-01,1059.9223423234337,1906.730640556962,1018.6797636310512
property,2023-08-01,902.5081330674782,1920.6063916894866,1058.1541646410421
property,2023-09-01,860.5310105992235,1862.766585822297,1028.7438650446104
property,2023-10-01,923.4966943016055,1811.2525992971273,1002.7248399993792
property,2023-11-01,996.9566586210515,1814.9377700244438,1045.9862323966065
property,2023-12-01,1311.7850771329624,1787.1551143472611,1076.248731196909
property,2024-01-01,1280.3022352817716,1665.0911355380006,1006.1284310374157
property,2024-02-01,829.0481687480323,1554.5274848727913,927.6338449470013
property,2024-03-01,1154.370867877007,1558.083370660279,940.880666220534
property,2024-04-01,1007.4509392381151,1633.7398171283917,1001.6928401484812
property,2024-05-01,1154.370867877007,1686.8903711333867,1017.6290487711475
property,2024-06-01,1091.4051841746248,1713.0306844106806,1016.142019407757
property,2024-07-01,1112.3937454087522,1750.1983194427355,1059.4661574483628
property,2024-08-01,944.4852555357331,1755.9014313268242,1094.4357368115993
property,2024-09-01,913.0024136845418,1696.5541306585417,1057.0060323599646
property,2024-10-01,1017.9452198551788,1643.875394414128,1022.774296620135
property,2024-11-01,1269.8079546647077,1641.5844018385649,1058.0321680104955
property,2024-12-01,1059.9223423234337,1611.376328026284,1079.1936647562968
property,2025-01-01,892.0138524504146,1496.6890791290073,999.3096731810703
property,2025-02-01,787.0710462797775,1393.2345981782887,912.2463182065037
property,2025-03-01,923.4966943016055,1393.311095827289,916.7290059167243
property,2025-04-01,1080.9109035575611,1457.188859854458,966.0184271296015
property,2025-05-01,986.4623780039879,1501.0427737541668,971.7096232182671
property,2025-06-01,692.6225207262042,1520.7957459570703,960.5552672885781
property,2025-07-01,933.9909749186694,1550.5381525037565,992.0689339639042
property,2025-08-01,776.5767656627138,1552.4210013869051,1015.2718869834308
property,2025-09-01,1028.4395004722428,1497.0753076373842,971.9552689967643
property,2025-10-01,1007.4509392381151,1448.0730363152782,933.0137336048721
property,2025-11-01,975.9680973869241,1443.6480172483161,957.8134122593959
property,2025-12-01,1217.3365515793894,1414.9652849883314,970.2904193668622
property,2026-01-01,1017.9452198551788,1312.3797304081147,892.6210008557084
property,2026-02-01,860.5310105992235,1220.0746399291502,810.0181433417375
property,2026-03-01,1007.4509392381151,1218.850428826096,810.0443646921275
property,2026-04-01,682.1282401091405,1273.3976243585334,849.4801630573512
property,2026-05-01,871.0252912162871,1310.5484446688108,850.9614225117657
property,2026-06-01,640.1511176408858,1326.7296626609339,838.0852817747984
