city_id,city_name,state,city_label,agency_type,latitude,longitude,population
AL0010200,Birmingham,AL,"Birmingham, AL",City,33.5206824,-86.8024326,195393
AL0011200,Hoover,AL,"Hoover, AL",City,33.38795,-86.80636,65283
AL0020100,Mobile,AL,"Mobile, AL",City,30.6913462,-88.0437509,255927
AR0040100,Bentonville,AR,"Bentonville, AR",City,36.3728608,-94.208787,63670
AR0230100,Conway,AR,"Conway, AR",City,35.0891932,-92.4398402,72394
AR0600200,Little Rock,AR,"Little Rock, AR",City,34.7465071,-92.2896267,205320
AR0600300,North Little Rock,AR,"North Little Rock, AR",City,34.769536,-92.2670941,64455
AR0660100,Fort Smith,AR,"Fort Smith, AR",City,35.3880338,-94.4265011,90848
AR0720100,Fayetteville,AR,"Fayetteville, AR",City,36.0625843,-94.1574328,105335
AZ0070100,Avondale,AZ,"Avondale, AZ",City,33.4355977,-112.349602,98457
AZ0070300,Buckeye,AZ,"Buckeye, AZ",City,33.3703197,-112.583776,120174
AZ0070500,Chandler,AZ,"Chandler, AZ",City,33.3062031,-111.841185,282191
AZ0071100,Gilbert,AZ,"Gilbert, AZ",City,33.3527632,-111.789037,293851
AZ0071500,Goodyear,AZ,"Goodyear, AZ",City,33.4672279,-112.3853489,123911
AZ0072300,Phoenix,AZ,"Phoenix, AZ",City,33.4484367,-112.074141,1688662
AZ0072500,Scottsdale,AZ,"Scottsdale, AZ",City,33.4942189,-111.926018,247258
AZ0072900,Tempe,AZ,"Tempe, AZ",City,33.4255117,-111.940016,191348
AZ0100000,Pima,AZ,"Pima, AZ",County,32.1112624,-111.6546163,366196
AZ0100300,Tucson,AZ,"Tucson, AZ",City,32.2228765,-110.974847,556898
AZ0100900,Marana,AZ,"Marana, AZ",City,32.4483736,-111.211475,65094
AZ0110000,Pinal,AZ,"Pinal, AZ",County,32.8085851,-111.4426212,245258
AZ0110100,Casa Grande,AZ,"Casa Grande, AZ",City,32.8772834,-111.7536818,73225
AZ0111700,Maricopa,AZ,"Maricopa, AZ",City,33.34883,-112.49123,81890
AZ0130000,Yavapai,AZ,"Yavapai, AZ",County,34.5668857,-112.5515965,97732
AZ0131100,Prescott Valley,AZ,"Prescott Valley, AZ",City,34.5950776,-112.3338634,52622
AZ0140500,Yuma,AZ,"Yuma, AZ",City,32.7254216,-114.6198088,105175
CA0010000,Alameda,CA,"Alameda, CA",County,37.6090291,-121.899142,139564
CA0010100,Alameda,CA,"Alameda, CA",City,37.6090291,-121.899142,78978
CA0010300,Berkeley,CA,"Berkeley, CA",City,37.8708393,-122.272863,121235
CA0010600,Hayward,CA,"Hayward, CA",City,37.6688205,-122.080796,157399
CA0011100,Pleasanton,CA,"Pleasanton, CA",City,37.6624312,-121.8746789,74698
CA0070100,Antioch,CA,"Antioch, CA",City,38.0093296,-121.8106925,119234
CA0070200,Brentwood,CA,"Brentwood, CA",City,37.9317766,-121.696026,66753
CA0070400,Concord,CA,"Concord, CA",City,37.9768525,-122.0335624,123703
CA0071000,Richmond,CA,"Richmond, CA",City,37.9357576,-122.347748,115149
CA0071200,Walnut Creek,CA,"Walnut Creek, CA",City,37.9020731,-122.0618702,70970
CA0090000,El Dorado,CA,"El Dorado, CA",County,38.7574137,-120.5276129,161044
CA0100100,Clovis,CA,"Clovis, CA",City,36.8252277,-119.7029194,129862
CA0100500,Fresno,CA,"Fresno, CA",City,36.7394421,-119.78483,551969
CA0150200,Bakersfield,CA,"Bakersfield, CA",City,35.3738712,-119.019463,420589
CA0190000,Los Angeles,CA,"Los Angeles, CA",County,34.3155072,-118.209681,945223
CA0190100,Alhambra,CA,"Alhambra, CA",City,34.093042,-118.12706,79699
CA0190200,Arcadia,CA,"Arcadia, CA",City,34.1362075,-118.0401497,53974
CA0190600,Baldwin Park,CA,"Baldwin Park, CA",City,34.0854739,-117.9611761,68586
CA0191200,Burbank,CA,"Burbank, CA",City,34.1812089,-118.307201,102684
CA0192200,El Monte,CA,"El Monte, CA",City,34.0751571,-118.036849,103551
CA0192400,Gardena,CA,"Gardena, CA",City,33.8815601,-118.2935879,58456
CA0194100,Long Beach,CA,"Long Beach, CA",City,33.7690164,-118.191604,447317
CA0194200,Los Angeles,CA,"Los Angeles, CA",City,34.0536909,-118.242766,3874484
CA0194800,Monterey Park,CA,"Monterey Park, CA",City,34.051522,-118.129807,57293
CA0195300,Pasadena,CA,"Pasadena, CA",City,34.1476507,-118.144155,136663
CA0195500,Pomona,CA,"Pomona, CA",City,34.0553813,-117.7517496,147214
CA0196500,Santa Monica,CA,"Santa Monica, CA",City,34.0194704,-118.491227,90193
CA0197200,Torrance,CA,"Torrance, CA",City,33.8371392,-118.3413606,137914
CA0197500,West Covina,CA,"West Covina, CA",City,34.0686208,-117.9389526,106374
CA0200200,Madera,CA,"Madera, CA",City,37.1716264,-119.7737991,69753
CA0210600,Novato,CA,"Novato, CA",City,38.1061979,-122.5681191,52105
CA0210900,San Rafael,CA,"San Rafael, CA",City,37.9747795,-122.5316686,59670
CA0240600,Merced,CA,"Merced, CA",City,37.1641544,-120.7678602,98482
CA0270000,Monterey,CA,"Monterey, CA",County,36.2231079,-121.387742,101058
CA0280200,Napa,CA,"Napa, CA",City,38.4898675,-122.3218414,76328
CA0300100,Anaheim,CA,"Anaheim, CA",City,33.8347516,-117.911732,344040
CA0300300,Buena Park,CA,"Buena Park, CA",City,33.870413,-117.9962165,82300
CA0300700,Fountain Valley,CA,"Fountain Valley, CA",City,33.7038145,-117.9627349,55805
CA0300800,Fullerton,CA,"Fullerton, CA",City,33.8708215,-117.929416,139237
CA0301400,Newport Beach,CA,"Newport Beach, CA",City,33.6170092,-117.9294401,82431
CA0302200,Tustin,CA,"Tustin, CA",City,33.7458511,-117.826166,78611
CA0302400,Westminster,CA,"Westminster, CA",City,33.7578725,-117.9859054,89231
CA0302500,Yorba Linda,CA,"Yorba Linda, CA",City,33.8901096,-117.8249705,66061
CA0302600,Irvine,CA,"Irvine, CA",City,33.6856969,-117.825981,321339
CA030350X,Mission Viejo,CA,"Mission Viejo, CA",City,33.5965685,-117.659405,91142
CA030390X,Laguna Niguel,CA,"Laguna Niguel, CA",City,33.5225261,-117.7075526,64098
CA030490X,Aliso Viejo,CA,"Aliso Viejo, CA",City,33.5761376,-117.7258122,50060
CA0310300,Lincoln,CA,"Lincoln, CA",City,38.8915741,-121.29318,57962
CA0310400,Rocklin,CA,"Rocklin, CA",City,38.7907339,-121.2357828,75993
CA0310500,Roseville,CA,"Roseville, CA",City,38.7521235,-121.2880059,167225
CA0330200,Beaumont,CA,"Beaumont, CA",City,33.9299925,-116.9763092,61160
CA0331300,Riverside,CA,"Riverside, CA",City,33.9824949,-117.374238,325858
CA0331500,Corona,CA,"Corona, CA",City,33.8752945,-117.566444,162606
CA0334200,Murrieta,CA,"Murrieta, CA",City,33.560832,-117.210656,112892
CA0340000,Sacramento,CA,"Sacramento, CA",County,38.4732259,-121.2980707,602628
CA0340100,Folsom,CA,"Folsom, CA",City,38.6779591,-121.176058,89999
CA0340400,Sacramento,CA,"Sacramento, CA",City,38.5810606,-121.493895,538389
CA0340H00,Elk Grove,CA,"Elk Grove, CA",City,38.4087993,-121.3716178,184388
CA0349600,Citrus Heights,CA,"Citrus Heights, CA",City,38.7071247,-121.2810611,86751
CA0360200,Chino,CA,"Chino, CA",City,34.0133561,-117.690075,94769
CA0360400,Fontana,CA,"Fontana, CA",City,34.0922947,-117.43433,220837
CA0370000,San Diego,CA,"San Diego, CA",County,32.9637838,-116.7706277,498387
CA0370100,Carlsbad,CA,"Carlsbad, CA",City,33.1580933,-117.3505966,113239
CA0370200,Chula Vista,CA,"Chula Vista, CA",City,32.6400541,-117.084195,279237
CA0370500,El Cajon,CA,"El Cajon, CA",City,32.7947731,-116.962526,102604
CA0370600,Escondido,CA,"Escondido, CA",City,33.1216751,-117.0814849,148303
CA0370800,La Mesa,CA,"La Mesa, CA",City,32.7678288,-117.0230839,60686
CA0370900,National City,CA,"National City, CA",City,32.6781085,-117.0991967,57748
CA0371000,Oceanside,CA,"Oceanside, CA",City,33.1958696,-117.379483,170168
CA0371100,San Diego,CA,"San Diego, CA",City,32.7174202,-117.162772,1409432
CA0380100,San Francisco,CA,"San Francisco, CA",City,37.7879363,-122.4075201,815330
CA0390300,Manteca,CA,"Manteca, CA",City,37.7986184,-121.2117148,97039
CA0390600,Tracy,CA,"Tracy, CA",City,37.7385507,-121.420139,101835
CA0410000,San Mateo,CA,"San Mateo, CA",County,37.496904,-122.3330573,127999
CA0410600,Daly City,CA,"Daly City, CA",City,37.6904826,-122.47267,100564
CA0411300,Redwood City,CA,"Redwood City, CA",City,37.4863239,-122.232523,82769
CA0420400,Santa Maria,CA,"Santa Maria, CA",City,34.9531295,-120.435857,111741
CA0430400,Gilroy,CA,"Gilroy, CA",City,37.0065078,-121.5631723,60649
CA0430800,Milpitas,CA,"Milpitas, CA",City,37.4332273,-121.8989248,79749
CA0431100,Mountain View,CA,"Mountain View, CA",City,37.3893889,-122.0832101,88504
CA0431200,Palo Alto,CA,"Palo Alto, CA",City,37.4443293,-122.1598465,67491
CA0431400,Santa Clara,CA,"Santa Clara, CA",City,37.2333253,-121.6846349,134290
CA0431600,Sunnyvale,CA,"Sunnyvale, CA",City,37.3688301,-122.036349,157191
CA0440000,Santa Cruz,CA,"Santa Cruz, CA",County,37.050096,-121.99059,125144
CA0440200,Santa Cruz,CA,"Santa Cruz, CA",City,37.050096,-121.99059,62473
CA0480300,Fairfield,CA,"Fairfield, CA",City,38.2493581,-122.039966,123346
CA0480600,Vacaville,CA,"Vacaville, CA",City,38.3565773,-121.9877444,104462
CA0480700,Vallejo,CA,"Vallejo, CA",City,38.1040864,-122.2566367,122870
CA0490000,Sonoma,CA,"Sonoma, CA",County,38.5110803,-122.8473388,131223
CA0490500,Santa Rosa,CA,"Santa Rosa, CA",City,38.4404925,-122.7141049,177414
CA0490800,Petaluma,CA,"Petaluma, CA",City,38.2325829,-122.636465,59305
CA0540000,Tulare,CA,"Tulare, CA",County,36.2516475,-118.852583,133411
CA0540500,Porterville,CA,"Porterville, CA",City,36.06523,-119.0167679,63646
CA0540600,Tulare,CA,"Tulare, CA",City,36.2516475,-118.852583,73442
CA0540700,Visalia,CA,"Visalia, CA",City,36.3302284,-119.292058,147414
CA0560100,Camarillo,CA,"Camarillo, CA",City,34.2176371,-119.0383541,69673
CA0560400,Oxnard,CA,"Oxnard, CA",City,34.1976308,-119.180381,200296
CA0560700,Thousand Oaks,CA,"Thousand Oaks, CA",City,34.1705609,-118.8375937,123592
CA0560800,Ventura,CA,"Ventura, CA",City,34.4458248,-119.0779359,109633
CA0560900,Simi Valley,CA,"Simi Valley, CA",City,34.2677404,-118.7538071,125637
CA0570100,Davis,CA,"Davis, CA",City,38.5435526,-121.739005,67181
CO0010000,Adams,CO,"Adams, CO",County,39.8714085,-104.2701374,101425
CO0010100,Aurora,CO,"Aurora, CO",City,39.7401441,-104.8733376,407319
CO0010400,Thornton,CO,"Thornton, CO",City,39.8695516,-104.985181,147837
CO0030000,Arapahoe,CO,"Arapahoe, CO",County,39.6416781,-104.3628567,108141
CO0031100,Centennial,CO,"Centennial, CO",City,39.579155,-104.8769227,109020
CO0070100,Boulder,CO,"Boulder, CO",City,40.0149856,-105.270545,106426
CO0180000,Douglas,CO,"Douglas, CO",County,39.3420437,-104.9468945,231244
CO0180500,Parker,CO,"Parker, CO",City,39.5184514,-104.7612638,67244
CO0210000,El Paso,CO,"El Paso, CO",County,38.8287435,-104.5253456,210336
CO0210100,Colorado Springs,CO,"Colorado Springs, CO",City,38.8339578,-104.825348,496560
CO0300000,Jefferson,CO,"Jefferson, CO",County,39.5699803,-105.2561919,197128
CO0300100,Arvada,CO,"Arvada, CO",City,39.8005505,-105.0811573,121261
CO0350300,Fort Collins,CO,"Fort Collins, CO",City,40.5871782,-105.0770113,171159
CO0350400,Loveland,CO,"Loveland, CO",City,40.3977612,-105.07498,82330
CO0390100,Grand Junction,CO,"Grand Junction, CO",City,39.0672568,-108.56448,71807
CO0640100,Broomfield,CO,"Broomfield, CO",City,39.9403995,-105.05208,79451
CODPD0000,Denver,CO,"Denver, CO",City,39.7392364,-104.984862,733212
CT0001500,Bridgeport,CT,"Bridgeport, CT",City,41.1792695,-73.1887863,152588
CT0001700,Bristol,CT,"Bristol, CT",City,41.6711752,-72.9430128,62563
CT0003400,Danbury,CT,"Danbury, CT",City,41.394817,-73.4540111,89355
CT0004300,East Hartford,CT,"East Hartford, CT",City,41.767914,-72.644512,51190
CT0005100,Fairfield,CT,"Fairfield, CT",City,41.1412078,-73.2637258,66290
CT0006400,Hartford,CT,"Hartford, CT",City,41.764582,-72.6908547,122548
CT0007700,Manchester,CT,"Manchester, CT",City,41.7834017,-72.5231973,60061
CT0008000,Meriden,CT,"Meriden, CT",City,41.5381803,-72.8026908,60906
CT0008400,Milford,CT,"Milford, CT",City,41.2222218,-73.0570603,53760
CT0008900,New Britain,CT,"New Britain, CT",City,41.6612104,-72.7795419,76622
CT0013500,Stamford,CT,"Stamford, CT",City,41.0534302,-73.5387341,140066
CT0013800,Stratford,CT,"Stratford, CT",City,41.1923646,-73.1304917,53961
CT0015100,Waterbury,CT,"Waterbury, CT",City,41.5539066,-73.0438067,116419
CT0015500,West Hartford,CT,"West Hartford, CT",City,41.7620447,-72.7420399,64453
DCMPD0000,Washington,DC,"Washington, DC",City,38.8950982,-77.0363849,693645
FL0130600,Miami,FL,"Miami, FL",City,25.7741566,-80.1935973,498792
FL0130700,Miami Beach,FL,"Miami Beach, FL",City,25.7929198,-80.1353006,83453
FL0160000,Jacksonville,FL,"Jacksonville, FL",City,30.3262247,-81.6579179,1008920
FL0580000,Sarasota,FL,"Sarasota, FL",County,27.1813609,-82.3609195,287365
GA0447100,Dunwoody,GA,"Dunwoody, GA",City,33.9463786,-84.3342686,51850
GA0470100,Albany,GA,"Albany, GA",City,31.5782062,-84.1556809,66132
GA0580000,Forsyth,GA,"Forsyth, GA",County,34.235309,-84.1335644,276364
GA0600400,Alpharetta,GA,"Alpharetta, GA",City,34.0755962,-84.2945964,67702
GA0600500,Roswell,GA,"Roswell, GA",City,34.02332,-84.360022,92178
GA0605800,Johns Creek,GA,"Johns Creek, GA",City,34.0181557,-84.190196,80930
GA0690000,Hall,GA,"Hall, GA",County,34.2905901,-83.8194028,152703
GA1100000,Paulding,GA,"Paulding, GA",County,33.8908526,-84.8569161,172495
GAAPD0000,Atlanta,GA,"Atlanta, GA",City,33.7544657,-84.3898151,525939
HI0020000,Honolulu,HI,"Honolulu, HI",City,21.304547,-157.855676,987000
IA0070300,Waterloo,IA,"Waterloo, IA",City,42.498275,-92.3328743,67531
IA0310100,Dubuque,IA,"Dubuque, IA",City,42.5006243,-90.6647985,58822
IA0520200,Iowa City,IA,"Iowa City, IA",City,41.6612561,-91.5299106,77166
IA0570100,Cedar Rapids,IA,"Cedar Rapids, IA",City,41.9758872,-91.6704053,137918
IA0770100,Ankeny,IA,"Ankeny, IA",City,41.7320796,-93.605092,78916
IA0770300,Des Moines,IA,"Des Moines, IA",City,41.5868654,-93.6249494,212933
IA0770500,West Des Moines,IA,"West Des Moines, IA",City,41.5644476,-93.7594059,74901
IA0780100,Council Bluffs,IA,"Council Bluffs, IA",City,41.258841,-95.8519484,62635
IA0820200,Davenport,IA,"Davenport, IA",City,41.5224692,-90.5756401,100761
IA0850100,Ames,IA,"Ames, IA",City,42.0267567,-93.6170448,69676
IA0970100,Sioux City,IA,"Sioux City, IA",City,42.4966815,-96.4058782,87125
ID0010000,Ada,ID,"Ada, ID",County,43.4136539,-116.2367421,145483
ID0010300,Meridian,ID,"Meridian, ID",City,43.6086295,-116.392326,145320
ID0030200,Pocatello,ID,"Pocatello, ID",City,42.8620287,-112.450627,58690
ID0100200,Idaho Falls,ID,"Idaho Falls, ID",City,43.4887907,-112.03628,70454
ID0280100,Coeur D Alene,ID,"Coeur D Alene, ID",City,47.6742994,-116.7811531,57973
ID0420200,Twin Falls,ID,"Twin Falls, ID",City,42.5558542,-114.4700684,56494
IL0100100,Champaign,IL,"Champaign, IL",City,40.1164841,-88.2430932,92875
IL0160200,Arlington Heights,IL,"Arlington Heights, IL",City,42.0811563,-87.9802164,75155
IL0162100,Cicero,IL,"Cicero, IL",City,41.8455398,-87.7540199,81401
IL0162A00,Schaumburg,IL,"Schaumburg, IL",City,42.0333608,-88.083406,76773
IL0163200,Evanston,IL,"Evanston, IL",City,42.0693991,-87.682932,75562
IL0164A00,Skokie,IL,"Skokie, IL",City,42.0262972,-87.7521069,65401
IL0165M00,Tinley Park,IL,"Tinley Park, IL",City,41.5733669,-87.7844944,54618
IL0167200,Mount Prospect,IL,"Mount Prospect, IL",City,42.0664167,-87.9372908,55157
IL0168000,Oak Lawn,IL,"Oak Lawn, IL",City,41.7108662,-87.7581081,56136
IL0168400,Palatine,IL,"Palatine, IL",City,42.1105502,-88.0434304,65532
IL0580200,Decatur,IL,"Decatur, IL",City,39.8454163,-88.9524151,68221
IL0840200,Springfield,IL,"Springfield, IL",City,39.7990175,-89.6439575,112595
IL0990000,Will,IL,"Will, IL",County,41.4194058,-87.9994754,103299
IL0990200,Bolingbrook,IL,"Bolingbrook, IL",City,41.7003302,-88.0717708,74990
IL1010400,Rockford,IL,"Rockford, IL",City,42.2713945,-89.093966,147186
ILCPD0000,Chicago,IL,"Chicago, IL",City,41.8755616,-87.6244212,2715488
IN0020100,Fort Wayne,IN,"Fort Wayne, IN",City,41.0799898,-85.1386015,275451
IN0180100,Muncie,IN,"Muncie, IN",City,40.1936892,-85.3865271,65375
IN0290100,Carmel,IN,"Carmel, IN",City,39.9784186,-86.1283681,104553
IN0290200,Noblesville,IN,"Noblesville, IN",City,40.0460881,-86.0139854,76565
IN0290400,Westfield,IN,"Westfield, IN",City,40.0428151,-86.1274888,67775
IN0290700,Fishers,IN,"Fishers, IN",City,39.9555928,-86.0138729,105143
IN0410300,Greenwood,IN,"Greenwood, IN",City,39.6136987,-86.1095429,69268
IN0710000,St Joseph,IN,"St Joseph, IN",County,41.5941578,-86.2787334,110648
IN0710200,South Bend,IN,"South Bend, IN",City,41.6833813,-86.2500066,103804
IN0820100,Evansville,IN,"Evansville, IN",City,37.970495,-87.5715641,114905
INIPD0000,Indianapolis,IN,"Indianapolis, IN",City,39.7683331,-86.1583502,903574
KS0460900,Shawnee,KS,"Shawnee, KS",City,39.0273676,-95.7627535,70311
KS0461000,Lenexa,KS,"Lenexa, KS",City,38.9697458,-94.7845837,59913
KY0080000,Boone,KY,"Boone, KY",County,38.962345,-84.7206912,111845
KY0300100,Owensboro,KY,"Owensboro, KY",City,37.7742152,-87.1133304,60774
KY0340200,Lexington,KY,"Lexington, KY",City,38.0464066,-84.4970393,330994
KY0568000,Louisville,KY,"Louisville, KY",City,38.2542376,-85.759407,691630
KY1140100,Bowling Green,KY,"Bowling Green, KY",City,36.9929203,-86.4428677,80821
LA0080100,Bossier City,LA,"Bossier City, LA",City,32.515887,-93.7336536,63346
LA0090100,Shreveport,LA,"Shreveport, LA",City,32.5135356,-93.7477839,174114
LA0100200,Lake Charles,LA,"Lake Charles, LA",City,30.2305095,-93.2169807,80280
LA0170200,Baton Rouge,LA,"Baton Rouge, LA",City,30.4494155,-91.1869659,219587
LA0260000,Jefferson,LA,"Jefferson, LA",County,29.8502657,-90.1293894,327213
LA0280300,Lafayette,LA,"Lafayette, LA",City,30.2262187,-92.0178202,122489
LA0320000,Livingston,LA,"Livingston, LA",County,30.4158699,-90.7189344,138874
LANPD0000,New Orleans,LA,"New Orleans, LA",City,29.9561422,-90.0733934,360272
MA0031100,New Bedford,MA,"New Bedford, MA",City,41.6362152,-70.934205,101139
MA0031900,Taunton,MA,"Taunton, MA",City,41.9019257,-71.0931485,62418
MA0051100,Haverhill,MA,"Haverhill, MA",City,42.7777829,-71.0767724,68267
MA0051300,Lawrence,MA,"Lawrence, MA",City,42.7070354,-71.1631137,89201
MA0051400,Lynn,MA,"Lynn, MA",City,42.466763,-70.9494939,103819
MA0051900,Methuen,MA,"Methuen, MA",City,42.7262016,-71.1908924,54591
MA0070500,Chicopee,MA,"Chicopee, MA",City,42.1487691,-72.6071119,55222
MA0071800,Springfield,MA,"Springfield, MA",City,42.1018764,-72.5886727,154390
MA0091100,Cambridge,MA,"Cambridge, MA",City,42.3656347,-71.1040018,121634
MA0091700,Everett,MA,"Everett, MA",City,42.4085897,-71.0542002,52437
MA0094700,Waltham,MA,"Waltham, MA",City,42.3762385,-71.2355644,66089
MA0112000,Quincy,MA,"Quincy, MA",City,42.2509914,-71.0037374,103649
MA0112700,Weymouth,MA,"Weymouth, MA",City,42.2212188,-70.9391625,60691
MA0130100,Boston,MA,"Boston, MA",City,42.3588336,-71.0578303,671262
MA0130400,Revere,MA,"Revere, MA",City,42.4084302,-71.0119948,60265
MD0030100,Baltimore,MD,"Baltimore, MD",County,39.4445243,-76.6483482,849486
MD0140100,Howard,MD,"Howard, MD",County,39.2305289,-76.9166241,340315
MD0160400,Montgomery,MD,"Montgomery, MD",County,39.1406267,-77.2075612,924573
MD0172100,Prince George's,MD,"Prince George's, MD",County,38.803929,-76.8518695,741477
MD0220000,Washington,MD,"Washington, MD",County,39.5893502,-77.710254,104674
MDBPD0000,Baltimore,MD,"Baltimore, MD",City,39.2908816,-76.610759,562811
MI1323700,Battle Creek,MI,"Battle Creek, MI",City,42.3192548,-85.1824269,61225
MI3351900,Lansing,MI,"Lansing, MI",City,42.7338254,-84.5546295,114787
MI3913900,Kalamazoo,MI,"Kalamazoo, MI",County,42.2494968,-85.5372797,105442
MI4114100,Kent,MI,"Kent, MI",County,43.0024013,-85.5502718,270333
MI4143600,Grand Rapids,MI,"Grand Rapids, MI",City,42.9632425,-85.6678639,200467
MI4183400,Wyoming,MI,"Wyoming, MI",City,42.9132581,-85.7057035,79015
MI5015000,Macomb,MI,"Macomb, MI",County,42.6741189,-82.902901,192263
MI5072200,St. Clair Shores,MI,"St. Clair Shores, MI",City,42.4969652,-82.8890965,57908
MI5074000,Shelby Township,MI,"Shelby Township, MI",City,43.5974492,-86.3379509,80698
MI5076500,Sterling Heights,MI,"Sterling Heights, MI",City,42.5803122,-83.0302033,134402
MI5080600,Warren,MI,"Warren, MI",City,42.4932575,-83.0062746,137310
MI631910X,Rochester Hills,MI,"Rochester Hills, MI",City,42.6583661,-83.1499322,78888
MI6338900,Farmington Hills,MI,"Farmington Hills, MI",City,42.4853125,-83.3771553,84262
MI6362700,Novi,MI,"Novi, MI",City,42.48059,-83.4754913,68068
MI6367300,Pontiac,MI,"Pontiac, MI",City,42.6389216,-83.2910468,62702
MI6371400,Royal Oak,MI,"Royal Oak, MI",City,42.4894801,-83.1446485,58300
MI6375100,Southfield,MI,"Southfield, MI",City,42.4733689,-83.2218731,76992
MI6378400,Troy,MI,"Troy, MI",City,42.6055893,-83.1499304,89741
MI6380800,Waterford Township,MI,"Waterford Township, MI",City,42.6706391,-83.3896241,70573
MI6381500,West Bloomfield Township,MI,"West Bloomfield Township, MI",City,42.5684073,-83.3740333,66804
MI8118100,Washtenaw,MI,"Washtenaw, MI",County,42.2582044,-83.8440853,162060
MI8121800,Ann Arbor,MI,"Ann Arbor, MI",City,42.2813722,-83.7484616,122740
MI8234300,Dearborn,MI,"Dearborn, MI",City,42.3222599,-83.1763145,105599
MI8234400,Dearborn Heights,MI,"Dearborn Heights, MI",City,42.3369816,-83.2732627,60548
MI8234900,Detroit,MI,"Detroit, MI",City,42.3315509,-83.046640300000007,642155
MI8253800,Livonia,MI,"Livonia, MI",City,42.36837,-83.3527097,92547
MI8277500,Taylor,MI,"Taylor, MI",City,42.240872,-83.2696509,61146
MI8281700,Westland,MI,"Westland, MI",City,42.3238056,-83.4005321,82161
MI8290800,Canton Township,MI,"Canton Township, MI",City,42.3076547,-83.4868961,100042
MN0020200,Blaine,MN,"Blaine, MN",City,45.1607987,-93.2349489,76398
MN0020500,Coon Rapids,MN,"Coon Rapids, MN",City,45.1728923,-93.3023898,63860
MN0190100,Burnsville,MN,"Burnsville, MN",City,44.7670567,-93.2773887,64952
MN0191000,Apple Valley,MN,"Apple Valley, MN",City,44.7319094,-93.21772,55025
MN0191100,Lakeville,MN,"Lakeville, MN",City,44.650051,-93.2432791,80095
MN0270100,Bloomington,MN,"Bloomington, MN",City,44.8322405,-93.3204872,87974
MN0270300,Brooklyn Park,MN,"Brooklyn Park, MN",City,45.1004807,-93.3443585,82087
MN0270600,Edina,MN,"Edina, MN",City,44.8897027,-93.3501222,53617
MN0271100,Minneapolis,MN,"Minneapolis, MN",City,44.9772995,-93.2654692,428057
MN0271700,Plymouth,MN,"Plymouth, MN",City,45.0065149,-93.46651,77963
MN0272600,Eden Prairie,MN,"Eden Prairie, MN",City,44.8546856,-93.470786,62593
MN0272700,Maple Grove,MN,"Maple Grove, MN",City,45.0984983,-93.4419222,73363
MN0550100,Rochester,MN,"Rochester, MN",City,44.0234387,-92.4630182,124142
MN0620900,St. Paul,MN,"St. Paul, MN",City,44.9497487,-93.0931028,307657
MN0690600,Duluth,MN,"Duluth, MN",City,46.7838287,-92.1052679,88307
MN0730400,St. Cloud,MN,"St. Cloud, MN",City,45.5616075,-94.1642004,72794
MN0821100,Woodbury,MN,"Woodbury, MN",City,44.919896,-92.9339449,81929
MN0860000,Wright,MN,"Wright, MN",County,45.1489061,-93.9639196,135626
MO0100200,Columbia,MO,"Columbia, MO",City,38.951883,-92.3337366,132072
MO0110100,St Joseph,MO,"St Joseph, MO",City,39.7686055,-94.8466322,70838
MO0390300,Springfield,MO,"Springfield, MO",City,37.2081729,-93.2922715,170958
MO0480100,Blue Springs,MO,"Blue Springs, MO",City,39.017316,-94.282265,61854
MO0480600,Independence,MO,"Independence, MO",City,39.0924792,-94.4137923,121329
MO0490700,Joplin,MO,"Joplin, MO",City,37.0841838,-94.5133385,54063
MO0500000,Jefferson,MO,"Jefferson, MO",County,38.267166,-90.5721889,168412
MO0920100,O'Fallon,MO,"O'Fallon, MO",City,38.7902503,-90.7033292,96304
MO0920300,St Charles,MO,"St Charles, MO",City,38.7877791,-90.6747372,72881
MO0920400,St Peters,MO,"St Peters, MO",City,38.791612,-90.5958468,62360
MO0950000,St Louis,MO,"St Louis, MO",County,38.6398744,-90.5188128,400341
MOKPD0000,Kansas City,MO,"Kansas City, MO",City,39.100105,-94.5781416,518039
MOSPD0000,St Louis,MO,"St Louis, MO",City,38.6254063,-90.190009,274819
MS0170100,Southaven,MS,"Southaven, MS",City,34.9873822,-90.0034862,58174
MT0070100,Great Falls,MT,"Great Falls, MT",City,47.5048851,-111.29189,59904
MT0160100,Bozeman,MT,"Bozeman, MT",City,45.6794293,-111.044047,58949
MT0320100,Missoula,MT,"Missoula, MT",City,46.8701049,-113.995267,79184
MT0560100,Billings,MT,"Billings, MT",City,45.7874957,-108.49607,122571
NB0280000,Douglas,NE,"Douglas, NE",County,41.2954112,-96.1415672,103800
NB0280200,Omaha,NE,"Omaha, NE",City,41.2587459,-95.9383758,488395
NB0400100,Grand Island,NE,"Grand Island, NE",City,40.924271,-98.338685,53307
NB0550100,Lincoln,NE,"Lincoln, NE",City,40.8088861,-96.7077751,302860
NB0770000,Sarpy,NE,"Sarpy, NE",County,41.0923005,-96.1007561,102219
NB0770100,Bellevue,NE,"Bellevue, NE",City,41.1365122,-95.8937398,64686
NC0010100,Burlington,NC,"Burlington, NC",City,36.0956918,-79.4377991,62361
NC0110000,Buncombe,NC,"Buncombe, NC",County,35.6292222,-82.5255603,162165
NC0110100,Asheville,NC,"Asheville, NC",City,35.595363,-82.5508407,95155
NC0130100,Concord,NC,"Concord, NC",City,35.4094178,-80.5800049,114348
NC0130200,Kannapolis,NC,"Kannapolis, NC",City,35.4979605,-80.6240008,61883
NC0320100,Durham,NC,"Durham, NC",City,35.996653,-78.9018053,307140
NC0330100,Rocky Mount,NC,"Rocky Mount, NC",City,35.9423833,-77.7956949,54581
NC0340000,Forsyth,NC,"Forsyth, NC",County,36.1476399,-80.2415712,114329
NC0360600,Gastonia,NC,"Gastonia, NC",City,35.2622654,-81.1838186,86826
NC0410000,Guilford,NC,"Guilford, NC",County,36.0875688,-79.7888515,132642
NC0410300,High Point,NC,"High Point, NC",City,35.9556924,-80.0053176,119581
NC0490000,Iredell,NC,"Iredell, NC",County,35.8101636,-80.8805593,120444
NC0490100,Mooresville,NC,"Mooresville, NC",City,35.5848596,-80.8100724,53489
NC0510000,Johnston,NC,"Johnston, NC",County,35.5285816,-78.3768021,188715
NC0600100,Charlotte,NC,"Charlotte, NC",City,35.2272086,-80.8430827,1035037
NC0600600,Huntersville,NC,"Huntersville, NC",City,35.4108278,-80.8429304,68534
NC0650000,New Hanover,NC,"New Hanover, NC",County,34.2751052,-77.8818627,108399
NC0650200,Wilmington,NC,"Wilmington, NC",City,34.2352853,-77.9487284,127752
NC0670000,Onslow,NC,"Onslow, NC",County,34.6927161,-77.3865474,130093
NC0680100,Chapel Hill,NC,"Chapel Hill, NC",City,35.9131542,-79.05578,65938
NC0740300,Greenville,NC,"Greenville, NC",City,35.613224,-77.3724593,96214
NC0920000,Wake,NC,"Wake, NC",County,35.7979355,-78.6118311,193737
NC0920100,Raleigh,NC,"Raleigh, NC",City,35.7803977,-78.6390989,508719
NC0920200,Apex,NC,"Apex, NC",City,35.7325352,-78.8505516,78938
NC0920300,Cary,NC,"Cary, NC",City,35.7882893,-78.7812081,184680
NC0920700,Wake Forest,NC,"Wake Forest, NC",City,35.9803138,-78.5103731,58676
ND0080100,Bismarck,ND,"Bismarck, ND",City,46.808327,-100.783739,78814
ND0090200,Fargo,ND,"Fargo, ND",City,46.877229,-96.789821,138990
ND0180100,Grand Forks,ND,"Grand Forks, ND",City,47.9252104,-97.0306325,60024
NH0063400,Manchester,NH,"Manchester, NH",City,42.9956397,-71.4547891,116606
NJ0041200,Cherry Hill Township,NJ,"Cherry Hill Township, NJ",City,39.9348351,-75.0307264,80020
NJ0070200,Bloomfield,NJ,"Bloomfield, NJ",City,40.7934789,-74.1979277,56009
NJ0090500,Hoboken,NJ,"Hoboken, NJ",City,40.7433066,-74.0323752,58889
NJ0090600,Jersey City,NJ,"Jersey City, NJ",City,40.7215682,-74.047455,305249
NJ0090800,North Bergen Township,NJ,"North Bergen Township, NJ",City,40.2869637,-74.41158,61290
NJ0091200,West New York,NJ,"West New York, NJ",City,40.7856117,-74.0093129,53036
NJ0160200,Clifton,NJ,"Clifton, NJ",City,40.8584328,-74.1637553,90406
NJ0160800,Paterson,NJ,"Paterson, NJ",City,40.9167654,-74.171811,160567
NJ0161400,Wayne Township,NJ,"Wayne Township, NJ",City,40.9018775,-74.2633633,53903
NJ0200400,Elizabeth,NJ,"Elizabeth, NJ",City,40.6639916,-74.2107006,141194
NJNPD0000,Newark,NJ,"Newark, NJ",City,40.735657,-74.1723667,318638
NM0010100,Albuquerque,NM,"Albuquerque, NM",City,35.0841034,-106.650985,559192
NV0020100,Las Vegas,NV,"Las Vegas, NV",City,36.1674263,-115.1484131,1712136
NV0020300,Henderson,NV,"Henderson, NV",City,36.0319602,-114.9822716,358366
NV0160000,Washoe,NV,"Washoe, NV",County,40.5849048,-119.6131606,110297
NV0160200,Sparks,NV,"Sparks, NV",City,39.5404679,-119.7487235,112191
NY0010100,Albany,NY,"Albany, NY",City,42.6511674,-73.754968,102009
NY0270100,Rochester,NY,"Rochester, NY",City,43.157285,-77.615214,206391
NY0290600,Hempstead Village,NY,"Hempstead Village, NY",City,40.6818205,-73.6230681,59748
NY0303000,New York City,NY,"New York City, NY",City,40.7127281,-74.0060152,8496850
NY0320200,Utica,NY,"Utica, NY",City,43.1009031,-75.2326641,63288
NY0450000,Saratoga,NY,"Saratoga, NY",County,43.0833231,-73.8712155,185003
NY0460100,Schenectady,NY,"Schenectady, NY",City,42.8142432,-73.9395687,69786
NY0590400,New Rochelle,NY,"New Rochelle, NY",City,40.9115386,-73.7826363,86892
OH0090200,Hamilton,OH,"Hamilton, OH",City,39.2085354,-84.5501874,64088
OH0091500,West Chester Township,OH,"West Chester Township, OH",City,39.3359319,-84.4155616,64911
OH0250300,Dublin,OH,"Dublin, OH",City,40.0996009,-83.1135563,49484
OH0314200,Colerain Township,OH,"Colerain Township, OH",City,39.2584995,-84.6329262,59366
OH0314400,Green Township,OH,"Green Township, OH",City,39.1648093,-84.6536214,60370
OH0470400,Elyria,OH,"Elyria, OH",City,41.3673191,-82.1073583,53836
OH0470500,Lorain,OH,"Lorain, OH",City,41.2633554,-82.1734746,65882
OH0570200,Dayton,OH,"Dayton, OH",City,39.7589478,-84.1916069,136047
OH0760000,Stark,OH,"Stark, OH",County,40.7214654,-81.4399734,112595
OH0760400,Canton,OH,"Canton, OH",City,40.7985464,-81.3749508,68866
OH0770100,Akron,OH,"Akron, OH",City,41.083064,-81.518485,189545
OHCIP0000,Cincinnati,OH,"Cincinnati, OH",City,39.1012809,-84.5127405,316260
OHCLP0000,Cleveland,OH,"Cleveland, OH",City,41.4996574,-81.6936772,363659
OHCOP0000,Columbus,OH,"Columbus, OH",City,39.9622601,-83.0007065,940106
OK0140100,Moore,OK,"Moore, OK",City,35.3383254,-97.4867045,64044
OK0550300,Edmond,OK,"Edmond, OK",City,35.6571367,-97.4649038,100144
OK0550400,Midwest City,OK,"Midwest City, OK",City,35.4495097,-97.3967025,58515
OK0550600,Oklahoma City,OK,"Oklahoma City, OK",City,35.4729886,-97.5170536,720580
OK0720100,Broken Arrow,OK,"Broken Arrow, OK",City,36.0525993,-95.7908195,125062
OR0020100,Corvallis,OR,"Corvallis, OR",City,44.5645659,-123.2620435,62971
OR0030000,Clackamas,OR,"Clackamas, OR",County,45.1608821,-122.2305038,245076
OR0090100,Bend,OR,"Bend, OR",City,44.0581728,-121.3153096,108819
OR0150400,Medford,OR,"Medford, OR",City,42.3264181,-122.8718605,86298
OR0220100,Albany,OR,"Albany, OR",City,44.6365071,-123.1059324,57315
OR0240200,Salem,OR,"Salem, OR",City,44.9391565,-123.033121,181534
OR0260100,Gresham,OR,"Gresham, OR",City,45.4978623,-122.4329883,110776
OR0260200,Portland,OR,"Portland, OR",City,45.5202471,-122.674194,631483
OR0340000,Washington,OR,"Washington, OR",County,45.5601883,-123.0587907,244106
OR0340100,Beaverton,OR,"Beaverton, OR",City,45.4871723,-122.80378,98494
OR0340300,Hillsboro,OR,"Hillsboro, OR",City,45.5228939,-122.989827,111167
OR0340400,Tigard,OR,"Tigard, OR",City,45.4307473,-122.771933,57885
PA0061400,Reading,PA,"Reading, PA",City,40.335345,-75.9279495,99299
PA0090100,Bensalem,PA,"Bensalem, PA",City,40.1045549,-74.951279,63183
PA0140300,State College,PA,"State College, PA",City,40.7944504,-77.8616386,57940
PA0220200,Harrisburg,PA,"Harrisburg, PA",City,40.2663107,-76.8861122,50789
PA0220400,Lower Paxton,PA,"Lower Paxton, PA",City,40.3364576,-76.7987828,55909
PA0231400,Haverford,PA,"Haverford, PA",City,40.0129191,-75.2966948,51486
PA0233700,Upper Darby,PA,"Upper Darby, PA",City,39.9283632,-75.2737099,86160
PA0250200,Erie,PA,"Erie, PA",City,42.1294712,-80.0852695,92461
PA0250300,Millcreek,PA,"Millcreek, PA",City,42.1009734,-80.020827,52826
PA0350400,Scranton,PA,"Scranton, PA",City,41.4086874,-75.6621294,75837
PA0360500,Lancaster,PA,"Lancaster, PA",City,40.0379958,-76.3056707,58569
PA0390100,Allentown,PA,"Allentown, PA",City,40.6022552,-75.4716115,127494
PA0460100,Abington,PA,"Abington, PA",City,40.114354,-75.1216878,59217
PA0461400,Lower Merion,PA,"Lower Merion, PA",City,40.0175203,-75.3191122,64974
PA0480300,Bethlehem,PA,"Bethlehem, PA",City,40.6178915,-75.3786521,80424
PAPEP0000,Philadelphia,PA,"Philadelphia, PA",City,39.9527237,-75.1635262,1562379
PAPPD0000,Pittsburgh,PA,"Pittsburgh, PA",City,40.4406968,-80.0025666,306794
RI0020300,Warwick,RI,"Warwick, RI",City,41.6992717,-71.4586114,83590
RI0040200,Cranston,RI,"Cranston, RI",City,41.779588,-71.4366813,84734
RI0040800,Pawtucket,RI,"Pawtucket, RI",City,41.8789531,-71.3821203,77252
SC0020000,Aiken,SC,"Aiken, SC",County,33.5723191,-81.6182086,113812
SC0040000,Anderson,SC,"Anderson, SC",County,34.5258335,-82.652962,174915
SC0070000,Beaufort,SC,"Beaufort, SC",County,32.3850708,-80.6923169,135071
SC0080000,Berkeley,SC,"Berkeley, SC",County,33.1595951,-79.9070461,155402
SC0100100,Charleston,SC,"Charleston, SC",City,32.7884363,-79.9399309,159360
SC0100300,Mount Pleasant,SC,"Mount Pleasant, SC",City,32.7940651,-79.8625851,96727
SC0100800,North Charleston,SC,"North Charleston, SC",City,32.8546197,-79.9748103,128751
SC0230000,Greenville,SC,"Greenville, SC",County,34.8550021,-82.3356457,390870
SC0230200,Greenville,SC,"Greenville, SC",City,34.851354,-82.3984882,75127
SC0260400,Horry,SC,"Horry, SC",County,33.9204504,-78.9578973,326262
SC0290000,Lancaster,SC,"Lancaster, SC",County,34.6628067,-80.700546,106128
SC0320000,Lexington,SC,"Lexington, SC",County,33.8986841,-81.275054,238755
SC0460300,Rock Hill,SC,"Rock Hill, SC",City,34.9248667,-81.0250784,76087
TN0190100,Nashville,TN,"Nashville, TN",City,36.1622767,-86.7742984,718499
TN0330000,Hamilton,TN,"Hamilton, TN",County,35.1755638,-85.1940792,127498
TN0330100,Chattanooga,TN,"Chattanooga, TN",City,35.0457219,-85.3094883,193881
TN0470000,Knox,TN,"Knox, TN",County,35.9859998,-83.9375598,313481
TN0470100,Knoxville,TN,"Knoxville, TN",City,35.9603948,-83.9210261,200645
TN0570100,Jackson,TN,"Jackson, TN",City,35.6144446,-88.8177418,69583
TN0600300,Spring Hill,TN,"Spring Hill, TN",City,35.751179,-86.9300023,61615
TN0630100,Clarksville,TN,"Clarksville, TN",City,36.5277607,-87.3588703,190532
TN0750000,Rutherford,TN,"Rutherford, TN",County,35.8563421,-86.4205249,108849
TN0750100,Murfreesboro,TN,"Murfreesboro, TN",City,35.8460396,-86.3921096,172248
TN0750200,Smyrna,TN,"Smyrna, TN",City,35.9824598,-86.5199492,62133
TN0790000,Shelby,TN,"Shelby, TN",County,35.1782557,-89.8739775,140049
TN0790100,Collierville,TN,"Collierville, TN",City,35.042036,-89.6645266,52107
TN0790600,Bartlett,TN,"Bartlett, TN",City,35.2045329,-89.8739753,56471
TN0820200,Kingsport,TN,"Kingsport, TN",City,36.550238,-82.5594293,57516
TN0830400,Hendersonville,TN,"Hendersonville, TN",City,36.3049177,-86.621443,64413
TN0900100,Johnson City,TN,"Johnson City, TN",City,36.3167671,-82.352903,74280
TN0940100,Franklin,TN,"Franklin, TN",City,35.925206,-86.8689419,90436
TNMPD0000,Memphis,TN,"Memphis, TN",City,35.146026,-90.0517786,606629
TX0150000,Bexar,TX,"Bexar, TX",County,29.4263987,-98.5104781,426744
TX0200000,Brazoria,TX,"Brazoria, TX",County,29.18161,-95.4993375,143180
TX0201000,Pearland,TX,"Pearland, TX",City,29.5639758,-95.2864299,130539
TX0210200,College Station,TX,"College Station, TX",City,30.6183939,-96.3455991,129902
TX0310000,Cameron,TX,"Cameron, TX",County,26.1291189,-97.4134281,95770
TX0310100,Brownsville,TX,"Brownsville, TX",City,25.9024289,-97.4981698,193321
TX0310300,Harlingen,TX,"Harlingen, TX",City,26.1907543,-97.6960599,72282
TX0430000,Collin,TX,"Collin, TX",County,33.1609629,-96.6060984,95732
TX0430100,Allen,TX,"Allen, TX",City,33.1031744,-96.6705503,115905
TX0430400,Frisco,TX,"Frisco, TX",City,33.1505998,-96.8238183,244103
TX0430500,Mckinney,TX,"Mckinney, TX",City,33.1976496,-96.6154471,235731
TX0430600,Plano,TX,"Plano, TX",City,33.0136764,-96.6925096,295030
TX0430800,Wylie,TX,"Wylie, TX",City,33.0151561,-96.5388038,64291
TX0460000,Comal,TX,"Comal, TX",County,29.7979704,-98.2690787,99619
TX0460100,New Braunfels,TX,"New Braunfels, TX",City,29.7028266,-98.1257348,123668
TX0570400,Carrollton,TX,"Carrollton, TX",City,32.9515472,-96.9034244,135908
TX0570800,Desoto,TX,"Desoto, TX",City,32.5897831,-96.857018299999993,56851
TX0571100,Garland,TX,"Garland, TX",City,32.912624,-96.6388833,251332
TX0571200,Grand Prairie,TX,"Grand Prairie, TX",City,32.7459645,-96.9977846,210147
TX0571500,Irving,TX,"Irving, TX",City,32.8295183,-96.9442177,258220
TX0571800,Mesquite,TX,"Mesquite, TX",City,32.7666103,-96.599472,150193
TX0572000,Richardson,TX,"Richardson, TX",City,32.9481789,-96.7297206,117915
TX0573300,Rowlett,TX,"Rowlett, TX",City,32.9029017,-96.56388,69502
TX0610000,Denton,TX,"Denton, TX",County,33.1838787,-97.1413417,151930
TX0610600,Lewisville,TX,"Lewisville, TX",City,33.046233,-96.994174,138488
TX0611200,Flower Mound,TX,"Flower Mound, TX",City,33.0283854,-97.0867203,80891
TX0611300,Little Elm,TX,"Little Elm, TX",City,33.1626194,-96.9375051,65337
TX0680200,Odessa,TX,"Odessa, TX",City,31.8457149,-102.367687,121009
TX0710000,El Paso,TX,"El Paso, TX",County,31.8072184,-106.2230394,111217
TX0710200,El Paso,TX,"El Paso, TX",City,31.7601001,-106.4870476,682310
TX0790000,Fort Bend,TX,"Fort Bend, TX",County,29.511218,-95.7807348,637444
TX0790100,Missouri City,TX,"Missouri City, TX",City,29.6185669,-95.5377215,79654
TX0790500,Sugar Land,TX,"Sugar Land, TX",City,29.6196787,-95.6349463,109606
TX0840400,Galveston,TX,"Galveston, TX",City,29.3872254,-94.992736,53510
TX0840800,League City,TX,"League City, TX",City,29.5074538,-95.0949303,119427
TX0840900,Texas City,TX,"Texas City, TX",City,29.396013,-94.9175485,59365
TX0920500,Longview,TX,"Longview, TX",City,32.5007031,-94.74049,84150
TX1010100,Baytown,TX,"Baytown, TX",City,29.7355047,-94.9774274,86149
TX1011500,Pasadena,TX,"Pasadena, TX",City,29.6910753,-95.2092076,149168
TX1050000,Hays,TX,"Hays, TX",County,30.0447901,-98.0393127,138997
TX1050100,San Marcos,TX,"San Marcos, TX",City,29.8826436,-97.9405828,75924
TX1050700,Kyle,TX,"Kyle, TX",City,29.9892928,-97.8772103,71858
TX1080000,Hidalgo,TX,"Hidalgo, TX",County,26.3530256,-98.216445,260330
TX1080400,Edinburg,TX,"Edinburg, TX",City,26.3013982,-98.1624501,110822
TX1080800,McAllen,TX,"McAllen, TX",City,26.204114,-98.2300605,150422
TX1081100,Pharr,TX,"Pharr, TX",City,26.1947962,-98.1836216,81470
TX1230100,Beaumont,TX,"Beaumont, TX",City,30.0829344,-94.0984277,112404
TX1230700,Port Arthur,TX,"Port Arthur, TX",City,29.8716577,-93.9332302,55747
TX1260200,Burleson,TX,"Burleson, TX",City,30.4764878,-96.6353488,58540
TX1290000,Kaufman,TX,"Kaufman, TX",County,32.601641,-96.3375126,117526
TX1520200,Lubbock,TX,"Lubbock, TX",City,33.5855677,-101.8470215,275713
TX1551200,Waco,TX,"Waco, TX",City,31.5491899,-97.1474628,148165
TX1650100,Midland,TX,"Midland, TX",City,31.83688,-102.0103767,146444
TX1700100,Conroe,TX,"Conroe, TX",City,30.3118769,-95.4560512,121302
TX1840000,Parker,TX,"Parker, TX",County,32.7772598,-97.8045599,121108
TX1990100,Rockwall,TX,"Rockwall, TX",City,32.8923464,-96.4066987,55108
TX2120000,Smith,TX,"Smith, TX",County,32.3402898,-95.2563971,112051
TX2120400,Tyler,TX,"Tyler, TX",City,32.3512601,-95.3010624,113759
TX2200100,Arlington,TX,"Arlington, TX",City,32.7355816,-97.1071186,406035
TX2200900,Euless,TX,"Euless, TX",City,32.8370727,-97.0819541,59746
TX2201200,Fort Worth,TX,"Fort Worth, TX",City,32.753177,-97.3327459,1030410
TX2201300,Grapevine,TX,"Grapevine, TX",City,32.9337381,-97.0788754,51460
TX2202000,Mansfield,TX,"Mansfield, TX",City,32.563487,-97.1420308,82937
TX2202100,North Richland Hills,TX,"North Richland Hills, TX",City,32.8342952,-97.2289029,71725
TX2210100,Abilene,TX,"Abilene, TX",City,32.44645,-99.7475905,131854
TX2260100,San Angelo,TX,"San Angelo, TX",City,31.4649685,-100.4405094,100184
TX2270000,Travis,TX,"Travis, TX",County,30.2878569,-97.7561392,288003
TX2270100,Austin,TX,"Austin, TX",City,30.2711286,-97.7436995,1000639
TX2270900,Pflugerville,TX,"Pflugerville, TX",City,30.4393696,-97.6200043,67159
TX2350100,Victoria,TX,"Victoria, TX",City,28.8026443,-96.9766308,66142
TX2400100,Laredo,TX,"Laredo, TX",City,27.5079211,-99.5069834,262723
TX2430500,Wichita Falls,TX,"Wichita Falls, TX",City,33.9004572,-98.5020777,102345
TX2460000,Williamson,TX,"Williamson, TX",County,30.6580927,-97.6041649,194532
TX2460200,Georgetown,TX,"Georgetown, TX",City,30.6370152,-97.6775634,111743
TX2460900,Cedar Park,TX,"Cedar Park, TX",City,30.5217116,-97.827833,78469
TX2461700,Leander,TX,"Leander, TX",City,30.5736134,-97.8567339,95840
TXDPD0000,Dallas,TX,"Dallas, TX",City,32.7762719,-96.7968559,1331217
TXHPD0000,Houston,TX,"Houston, TX",City,29.7589382,-95.3676974,2413559
TXSPD0000,San Antonio,TX,"San Antonio, TX",City,29.4246002,-98.4951405,1549306
UT0030100,Logan,UT,"Logan, UT",City,41.7313063,-111.834914,57792
UT0060300,Layton,UT,"Layton, UT",City,41.0751048,-111.9741925,84936
UT0180500,Sandy,UT,"Sandy, UT",City,40.5710454,-111.8953815,91841
UT0180600,West Jordan,UT,"West Jordan, UT",City,40.6061337,-111.9395211,116603
UT0181200,Draper,UT,"Draper, UT",City,40.5247777,-111.8627989,49977
UT0181800,South Jordan,UT,"South Jordan, UT",City,40.5584882,-111.9367107,88346
UT0182500,West Valley,UT,"West Valley, UT",City,36.5403117,-114.4443529,137688
UT0250300,Orem,UT,"Orem, UT",City,40.2981599,-111.6944313,96209
UT0252200,Saratoga Springs,UT,"Saratoga Springs, UT",City,40.3862792,-111.9130188,63550
UT0270100,St. George,UT,"St. George, UT",City,37.1098772,-113.5832063,109020
UT0290100,Ogden,UT,"Ogden, UT",City,41.2230048,-111.9738429,89001
VA0020300,Albemarle,VA,"Albemarle, VA",County,38.0085107,-78.6086754,118847
VA0070100,Arlington,VA,"Arlington, VA",County,38.8769326,-77.0893094,240716
VA0210100,Chesterfield,VA,"Chesterfield, VA",County,37.3859982,-77.578509,397206
VA0420000,Hanover,VA,"Hanover, VA",County,37.744783,-77.4464165,108941
VA0430100,Henrico,VA,"Henrico, VA",County,37.5131191,-77.3465081,340544
VA0530000,Loudoun,VA,"Loudoun, VA",County,39.0984586,-77.6705008,390033
VA0890000,Stafford,VA,"Stafford, VA",County,38.4167265,-77.4579783,172285
VA0990000,Alexandria,VA,"Alexandria, VA",City,38.8051095,-77.0470229,159534
VA1030000,Chesapeake,VA,"Chesapeake, VA",City,36.7168315,-76.2494453,257012
VA1120000,Harrisonburg,VA,"Harrisonburg, VA",City,38.4493315,-78.8688833,51165
VA1140000,Lynchburg,VA,"Lynchburg, VA",City,37.4137536,-79.1422464,80846
VA1170000,Norfolk,VA,"Norfolk, VA",City,36.8493695,-76.2899539,230068
VA1200000,Portsmouth,VA,"Portsmouth, VA",City,36.8320081,-76.297699,96362
VA1220000,Richmond,VA,"Richmond, VA",City,37.5385087,-77.43428,235995
VA1230000,Roanoke,VA,"Roanoke, VA",City,37.270973,-79.9414313,97682
VA1270000,Suffolk,VA,"Suffolk, VA",City,36.7281341,-76.5834683,105574
VA1280000,Virginia Beach,VA,"Virginia Beach, VA",City,36.8496579,-75.9760751,454805
VT0040100,Burlington,VT,"Burlington, VT",City,44.4761601,-73.212906,44354
WA0030200,Richland,WA,"Richland, WA",City,46.2804298,-119.275205,65273
WA0171200,Redmond,WA,"Redmond, WA",City,47.6694141,-122.1238767,84564
WA0270300,Tacoma,WA,"Tacoma, WA",City,47.2455013,-122.438329,230369
WA0310300,Everett,WA,"Everett, WA",City,47.9793437,-122.2127011,113547
WA0340000,Thurston,WA,"Thurston, WA",County,46.9319983,-122.8855155,146249
WA0370100,Bellingham,WA,"Bellingham, WA",City,48.7544012,-122.478836,96902
WA0390500,Yakima,WA,"Yakima, WA",City,46.601557,-120.510842,97467
WASPD0000,Seattle,WA,"Seattle, WA",City,47.6038321,-122.330062,791503
WI0050200,Green Bay,WI,"Green Bay, WI",City,44.5126379,-88.0125794,106069
WI0130100,Madison,WI,"Madison, WI",City,43.07469,-89.3841663,287992
WI0180100,Eau Claire,WI,"Eau Claire, WI",City,44.811349,-91.4984941,73060
WI0300100,Kenosha,WI,"Kenosha, WI",City,42.5846773,-87.8212263,99483
WI0320100,La Crosse,WI,"La Crosse, WI",City,43.8122836,-91.2514355,50663
WI0411600,West Allis,WI,"West Allis, WI",City,43.0166806,-88.0070315,59618
WI0450100,Appleton,WI,"Appleton, WI",City,44.2613967,-88.4069744,75283
WI0520200,Racine,WI,"Racine, WI",City,42.7313756,-87.7834769,78032
WI0540200,Janesville,WI,"Janesville, WI",City,42.6829765,-89.0226793,66624
WI0680500,Waukesha,WI,"Waukesha, WI",City,43.0622536,-88.3123889,71542
WI0710300,Oshkosh,WI,"Oshkosh, WI",City,44.0206919,-88.5408574,67327
WIMPD0000,Milwaukee,WI,"Milwaukee, WI",City,43.0386475,-87.9090751,559717
WY0110100,Cheyenne,WY,"Cheyenne, WY",City,41.139981,-104.820246,65811
