city_id,city_name,city_state,state,latitude,longitude,population
TX2210100,Abilene,"Abilene,TX",TX,32.44645,-99.7475905,125981
PA0460100,Abington,"Abington,PA",PA,40.114354,-75.1216878,59217
ID0010000,Ada,"Ada,ID",ID,,,145483
CO0010000,Adams,"Adams,CO",CO,,,101425
SC0020000,Aiken,"Aiken,SC",SC,,,113812
OH0770100,Akron,"Akron,OH",OH,41.083064,-81.518485,189545
CA0010000,Alameda,"Alameda,CA",CA,37.6090291,-121.899142,139564
CA0010100,Alameda,"Alameda,CA",CA,37.6090291,-121.899142,78978
GA0470100,Albany,"Albany,GA",GA,31.5782062,-84.1556809,66132
NY0010100,Albany,"Albany,NY",NY,42.6511674,-73.754968,102009
OR0220100,Albany,"Albany,OR",OR,44.6365071,-123.1059324,47877
VA0020300,Albemarle,"Albemarle,VA",VA,,,118847
NM0010100,Albuquerque,"Albuquerque,NM",NM,35.0841034,-106.650985,559192
VA0990000,Alexandria,"Alexandria,VA",VA,38.8051095,-77.0470229,159534
CA0190100,Alhambra,"Alhambra,CA",CA,34.093042,-118.12706,79699
CA030490X,Aliso Viejo,"Aliso Viejo,CA",CA,33.5761376,-117.7258122,50736
TX0430100,Allen,"Allen,TX",TX,33.1031744,-96.6705503,115905
PA0390100,Allentown,"Allentown,PA",PA,40.6022552,-75.4716115,127494
GA0600400,Alpharetta,"Alpharetta,GA",GA,34.0755962,-84.2945964,67702
TX1880100,Amarillo,"Amarillo,TX",TX,35.20729,-101.8371192,106561
IA0850100,Ames,"Ames,IA",IA,42.0267567,-93.6170448,69676
CA0300100,Anaheim,"Anaheim,CA",CA,33.8347516,-117.911732,344040
IN0480200,Anderson,"Anderson,IN",IN,40.1053196,-85.6802541,56112
SC0040000,Anderson,"Anderson,SC",SC,,,174915
IA0770100,Ankeny,"Ankeny,IA",IA,41.7320796,-93.605092,78916
MI8121800,Ann Arbor,"Ann Arbor,MI",MI,42.2813722,-83.7484616,122740
CA0070100,Antioch,"Antioch,CA",CA,38.0093296,-121.8106925,119234
NC0920200,Apex,"Apex,NC",NC,35.7325352,-78.8505516,78906
MN0191000,Apple Valley,"Apple Valley,MN",MN,44.7319094,-93.21772,55025
WI0450100,Appleton,"Appleton,WI",WI,44.2613967,-88.4069744,63196
CO0030000,Arapahoe,"Arapahoe,CO",CO,,,108141
CA0190200,Arcadia,"Arcadia,CA",CA,34.1362075,-118.0401497,53974
TX2200100,Arlington,"Arlington,TX",TX,32.7355816,-97.1071186,406035
VA0070100,Arlington,"Arlington,VA",VA,,,240716
IL0160200,Arlington Heights,"Arlington Heights,IL",IL,42.0811563,-87.9802164,75155
CO0300100,Arvada,"Arvada,CO",CO,39.8005505,-105.0811573,118508
NC0110100,Asheville,"Asheville,NC",NC,35.595363,-82.5508407,95155
GAAPD0000,Atlanta,"Atlanta,GA",GA,33.7544657,-84.3898151,483291
CO0010100,Aurora,"Aurora,CO",CO,39.7401441,-104.8733376,342167
TX2270100,Austin,"Austin,TX",TX,30.2711286,-97.7436995,926822
AZ0070100,Avondale,"Avondale,AZ",AZ,33.4355977,-112.349602,98457
CA0150200,Bakersfield,"Bakersfield,CA",CA,35.3738712,-119.019463,420589
CA0190600,Baldwin Park,"Baldwin Park,CA",CA,34.0854739,-117.9611761,68586
MD0030100,Baltimore,"Baltimore,MD",MD,39.2908816,-76.610759,849486
MDBPD0000,Baltimore,"Baltimore,MD",MD,39.2908816,-76.610759,562811
MA0010100,Barnstable,"Barnstable,MA",MA,41.7016936,-70.3036163,49944
TN0790600,Bartlett,"Bartlett,TN",TN,35.2045329,-89.8739753,56471
LA0170200,Baton Rouge,"Baton Rouge,LA",LA,30.4494155,-91.1869659,219587
MI1323700,Battle Creek,"Battle Creek,MI",MI,42.3192548,-85.1824269,61225
TX1010100,Baytown,"Baytown,TX",TX,29.7355047,-94.9774274,81064
SC0070000,Beaufort,"Beaufort,SC",SC,,,135071
CA0330200,Beaumont,"Beaumont,CA",CA,33.9299925,-116.9763092,61160
TX1230100,Beaumont,"Beaumont,TX",TX,30.0829344,-94.0984277,112404
OR0340100,Beaverton,"Beaverton,OR",OR,45.4871723,-122.80378,98494
NB0770100,Bellevue,"Bellevue,NE",NE,41.1365122,-95.8937398,64686
WA0370100,Bellingham,"Bellingham,WA",WA,48.7544012,-122.478836,96902
OR0090100,Bend,"Bend,OR",OR,44.0581728,-121.3153096,108819
PA0090100,Bensalem,"Bensalem,PA",PA,40.1045549,-74.951279,63183
AR0040100,Bentonville,"Bentonville,AR",AR,36.3728608,-94.208787,63670
CA0010300,Berkeley,"Berkeley,CA",CA,37.8708393,-122.272863,121235
SC0080000,Berkeley,"Berkeley,SC",SC,,,155402
PA0480300,Bethlehem,"Bethlehem,PA",PA,40.6178915,-75.3786521,59881
TX0150000,Bexar,"Bexar,TX",TX,,,426744
MT0560100,Billings,"Billings,MT",MT,45.7874957,-108.49607,122571
AL0010200,Birmingham,"Birmingham,AL",AL,33.5206824,-86.8024326,193432
ND0080100,Bismarck,"Bismarck,ND",ND,46.808327,-100.783739,78814
MN0020200,Blaine,"Blaine,MN",MN,45.1607987,-93.2349489,76398
NJ0070200,Bloomfield,"Bloomfield,NJ",NJ,40.7934789,-74.1979277,56009
IN0530100,Bloomington,"Bloomington,IN",IN,39.1670396,-86.5342881,79948
MN0270100,Bloomington,"Bloomington,MN",MN,44.8322405,-93.3204872,87974
MO0480100,Blue Springs,"Blue Springs,MO",MO,39.017316,-94.282265,61854
ID0010100,Boise,"Boise,ID",ID,43.6166163,-116.200886,238450
IL0990200,Bolingbrook,"Bolingbrook,IL",IL,41.7003302,-88.0717708,73492
KY0080000,Boone,"Boone,KY",KY,,,111845
LA0080100,Bossier City,"Bossier City,LA",LA,32.515887,-93.7336536,63346
MA0130100,Boston,"Boston,MA",MA,42.3588336,-71.0578303,671262
CO0070100,Boulder,"Boulder,CO",CO,40.0149856,-105.270545,106426
MD0174100,Bowie,"Bowie,MD",MD,39.0080601,-76.7797899,58471
KY1140100,Bowling Green,"Bowling Green,KY",KY,36.9929203,-86.4428677,80821
MT0160100,Bozeman,"Bozeman,MT",MT,45.6794293,-111.044047,58949
TX0200000,Brazoria,"Brazoria,TX",TX,,,143180
CA0070200,Brentwood,"Brentwood,CA",CA,37.9317766,-121.696026,66753
CT0001500,Bridgeport,"Bridgeport,CT",CT,41.1792695,-73.1887863,152588
CT0001700,Bristol,"Bristol,CT",CT,41.6711752,-72.9430128,62563
MA0120300,Brockton,"Brockton,MA",MA,42.0834335,-71.0183787,105571
OK0720100,Broken Arrow,"Broken Arrow,OK",OK,36.0525993,-95.7908195,101688
GA0447200,Brookhaven,"Brookhaven,GA",GA,33.8584368,-84.340203,60038
MA0110400,Brookline,"Brookline,MA",MA,42.332918,-71.1187829,63981
MN0270300,Brooklyn Park,"Brooklyn Park,MN",MN,45.1004807,-93.3443585,82087
CO0640100,Broomfield,"Broomfield,CO",CO,39.9403995,-105.05208,79451
TX0310100,Brownsville,"Brownsville,TX",TX,25.9024289,-97.4981698,193321
AZ0070300,Buckeye,"Buckeye,AZ",AZ,33.3703197,-112.583776,120174
CA0300300,Buena Park,"Buena Park,CA",CA,33.870413,-117.9962165,82300
NY0140100,Buffalo,"Buffalo,NY",NY,42.8864163,-78.8781493,276384
NC0110000,Buncombe,"Buncombe,NC",NC,,,162165
CA0191200,Burbank,"Burbank,CA",CA,34.1812089,-118.307201,102684
TX1260200,Burleson,"Burleson,TX",TX,30.4764878,-96.6353488,47697
NC0010100,Burlington,"Burlington,NC",NC,36.0956918,-79.4377991,59483
VT0040100,Burlington,"Burlington,VT",VT,44.4761601,-73.212906,44354
MN0190100,Burnsville,"Burnsville,MN",MN,44.7670567,-93.2773887,64952
ID0140100,Caldwell,"Caldwell,ID",ID,43.6678736,-116.689415,76553
CA0560100,Camarillo,"Camarillo,CA",CA,34.2176371,-119.0383541,69673
MA0091100,Cambridge,"Cambridge,MA",MA,42.3656347,-71.1040018,121634
TX0310000,Cameron,"Cameron,TX",TX,,,95770
OH0760400,Canton,"Canton,OH",OH,40.7985464,-81.3749508,68866
MI8290800,Canton Township,"Canton Township,MI",MI,42.3076547,-83.4868961,100042
CA0370100,Carlsbad,"Carlsbad,CA",CA,33.1580933,-117.3505966,113239
IN0290100,Carmel,"Carmel,IN",IN,39.9784186,-86.1283681,104553
TX0570400,Carrollton,"Carrollton,TX",TX,32.9515472,-96.9034244,83979
NC0920300,Cary,"Cary,NC",NC,35.7882893,-78.7812081,180581
AZ0110100,Casa Grande,"Casa Grande,AZ",AZ,32.8772834,-111.7536818,73225
CO0180100,Castle Rock,"Castle Rock,CO",CO,39.3722552,-104.858682,85729
TX2460900,Cedar Park,"Cedar Park,TX",TX,30.5217116,-97.827833,71892
IA0570100,Cedar Rapids,"Cedar Rapids,IA",IA,41.9758872,-91.6704053,137918
CO0031100,Centennial,"Centennial,CO",CO,39.579155,-104.8769227,109020
IL0100100,Champaign,"Champaign,IL",IL,40.1164841,-88.2430932,92875
AZ0070500,Chandler,"Chandler,AZ",AZ,33.3062031,-111.841185,282191
NC0680100,Chapel Hill,"Chapel Hill,NC",NC,35.9131542,-79.05578,62990
SC0100100,Charleston,"Charleston,SC",SC,32.7884363,-79.9399309,142716
NC0600100,Charlotte,"Charlotte,NC",NC,35.2272086,-80.8430827,1035037
TN0330100,Chattanooga,"Chattanooga,TN",TN,35.0457219,-85.3094883,193881
NJ0041200,Cherry Hill Township,"Cherry Hill Township,NJ",NJ,39.9348351,-75.0307264,80020
VA1030000,Chesapeake,"Chesapeake,VA",VA,36.7168315,-76.2494453,257012
VA0210100,Chesterfield,"Chesterfield,VA",VA,,,397206
WY0110100,Cheyenne,"Cheyenne,WY",WY,41.139981,-104.820246,65811
ILCPD0000,Chicago,"Chicago,IL",IL,41.8755616,-87.6244212,2715488
CA0040200,Chico,"Chico,CA",CA,39.7284945,-121.8374777,102829
MA0070500,Chicopee,"Chicopee,MA",MA,42.1487691,-72.6071119,55222
CA0360200,Chino,"Chino,CA",CA,34.0133561,-117.690075,94769
CA0370200,Chula Vista,"Chula Vista,CA",CA,32.6400541,-117.084195,279237
IL0162100,Cicero,"Cicero,IL",IL,41.8455398,-87.7540199,81401
OHCIP0000,Cincinnati,"Cincinnati,OH",OH,39.1012809,-84.5127405,316260
CA0349600,Citrus Heights,"Citrus Heights,CA",CA,38.7071247,-121.2810611,86751
OR0030000,Clackamas,"Clackamas,OR",OR,,,245076
TN0630100,Clarksville,"Clarksville,TN",TN,36.5277607,-87.3588703,190532
OHCLP0000,Cleveland,"Cleveland,OH",OH,41.4996574,-81.6936772,363659
NJ0160200,Clifton,"Clifton,NJ",NJ,40.8584328,-74.1637553,90406
MI5084900,Clinton Township,"Clinton Township,MI",MI,42.5869782,-82.9200047,101593
CA0100100,Clovis,"Clovis,CA",CA,36.8252277,-119.7029194,129862
ID0280100,Coeur D Alene,"Coeur D Alene,ID",ID,47.6742994,-116.7811531,57973
OH0314200,Colerain Township,"Colerain Township,OH",OH,39.2584995,-84.6329262,59366
TX0210200,College Station,"College Station,TX",TX,30.6183939,-96.3455991,129902
TN0790100,Collierville,"Collierville,TN",TN,35.042036,-89.6645266,52107
TX0430000,Collin,"Collin,TX",TX,,,95732
NY0015300,Colonie Town,"Colonie Town,NY",NY,42.7433327,-73.7966596,82328
CO0210100,Colorado Springs,"Colorado Springs,CO",CO,38.8339578,-104.825348,496560
MO0100200,Columbia,"Columbia,MO",MO,38.951883,-92.3337366,132072
OHCOP0000,Columbus,"Columbus,OH",OH,39.9622601,-83.0007065,912232
TX0460000,Comal,"Comal,TX",TX,,,99619
CO0010300,Commerce City,"Commerce City,CO",CO,39.8083196,-104.9338675,72244
CA0070400,Concord,"Concord,CA",CA,37.9768525,-122.0335624,123703
NC0130100,Concord,"Concord,NC",NC,35.4094178,-80.5800049,114348
TX1700100,Conroe,"Conroe,TX",TX,30.3118769,-95.4560512,121302
AR0230100,Conway,"Conway,AR",AR,35.0891932,-92.4398402,72394
MN0020500,Coon Rapids,"Coon Rapids,MN",MN,45.1728923,-93.3023898,63860
CA0331500,Corona,"Corona,CA",CA,33.8752945,-117.566444,162606
TX1780200,Corpus Christi,"Corpus Christi,TX",TX,27.7635302,-97.4033191,317071
OR0020100,Corvallis,"Corvallis,OR",OR,44.5645659,-123.2620435,62971
IA0780100,Council Bluffs,"Council Bluffs,IA",IA,41.258841,-95.8519484,62635
RI0040200,Cranston,"Cranston,RI",RI,41.779588,-71.4366813,84734
OH0770300,Cuyahoga Falls,"Cuyahoga Falls,OH",OH,41.1362729,-81.4828123,50961
TXDPD0000,Dallas,"Dallas,TX",TX,32.7762719,-96.7968559,1246336
CA0410600,Daly City,"Daly City,CA",CA,37.6904826,-122.47267,100564
CT0003400,Danbury,"Danbury,CT",CT,41.394817,-73.4540111,89355
IA0820200,Davenport,"Davenport,IA",IA,41.5224692,-90.5756401,100761
NC0290000,Davidson,"Davidson,NC",NC,,,123997
CA0570100,Davis,"Davis,CA",CA,38.5435526,-121.739005,67181
OH0570200,Dayton,"Dayton,OH",OH,39.7589478,-84.1916069,136047
MI8234300,Dearborn,"Dearborn,MI",MI,42.3222599,-83.1763145,105599
MI8234400,Dearborn Heights,"Dearborn Heights,MI",MI,42.3369816,-83.2732627,60548
IL0580200,Decatur,"Decatur,IL",IL,39.8454163,-88.9524151,68221
OH0210000,Delaware,"Delaware,OH",OH,,,108438
TX0610000,Denton,"Denton,TX",TX,33.1838787,-97.1413417,151930
TX0610200,Denton,"Denton,TX",TX,33.1838787,-97.1413417,172882
CODPD0000,Denver,"Denver,CO",CO,39.7392364,-104.984862,733212
IA0770300,Des Moines,"Des Moines,IA",IA,41.5868654,-93.6249494,212737
IL0162500,Des Plaines,"Des Plaines,IL",IL,42.0415823,-87.8873916,58435
TX0570800,Desoto,"Desoto,TX",TX,32.5897831,-96.857018299999993,56851
MI8234900,Detroit,"Detroit,MI",MI,42.3315509,-83.046640300000007,642155
CO0180000,Douglas,"Douglas,CO",CO,,,231244
NB0280000,Douglas,"Douglas,NE",NE,,,103800
UT0181200,Draper,"Draper,UT",UT,40.5247777,-111.8627989,46435
OH0250300,Dublin,"Dublin,OH",OH,40.0996009,-83.1135563,40725
IA0310100,Dubuque,"Dubuque,IA",IA,42.5006243,-90.6647985,58822
MN0690600,Duluth,"Duluth,MN",MN,46.7838287,-92.1052679,88307
GA0447100,Dunwoody,"Dunwoody,GA",GA,33.9463786,-84.3342686,51850
NC0320100,Durham,"Durham,NC",NC,35.996653,-78.9018053,306696
MN0190800,Eagan,"Eagan,MN",MN,44.818173,-93.1659179,66870
LA0170000,East Baton Rouge,"East Baton Rouge,LA",LA,,,172971
CT0004300,East Hartford,"East Hartford,CT",CT,41.767914,-72.644512,51190
WI0180100,Eau Claire,"Eau Claire,WI",WI,44.811349,-91.4984941,70653
MN0272600,Eden Prairie,"Eden Prairie,MN",MN,44.8546856,-93.470786,62593
MN0270600,Edina,"Edina,MN",MN,44.8897027,-93.3501222,53617
TX1080400,Edinburg,"Edinburg,TX",TX,26.3013982,-98.1624501,110822
OK0550300,Edmond,"Edmond,OK",OK,35.6571367,-97.4649038,100144
CA0370500,El Cajon,"El Cajon,CA",CA,32.7947731,-116.962526,102604
CA0090000,El Dorado,"El Dorado,CA",CA,,,161044
CA0192200,El Monte,"El Monte,CA",CA,34.0751571,-118.036849,103551
CO0210000,El Paso,"El Paso,CO",CO,,,210336
TX0710000,El Paso,"El Paso,TX",TX,31.7601001,-106.4870476,111217
TX0710200,El Paso,"El Paso,TX",TX,31.7601001,-106.4870476,682310
NJ0200400,Elizabeth,"Elizabeth,NJ",NJ,40.6639916,-74.2107006,141194
CA0340H00,Elk Grove,"Elk Grove,CA",CA,38.4087993,-121.3716178,184388
IN0200100,Elkhart,"Elkhart,IN",IN,41.6012796,-85.8590603,53640
OH0470400,Elyria,"Elyria,OH",OH,41.3673191,-82.1073583,53836
OK0240100,Enid,"Enid,OK",OK,36.3967623,-97.8791341,50360
PA0250200,Erie,"Erie,PA",PA,42.1294712,-80.0852695,92461
CA0370600,Escondido,"Escondido,CA",CA,33.1216751,-117.0814849,148303
OH0181800,Euclid,"Euclid,OH",OH,41.5931049,-81.5267873,48117
OR0200200,Eugene,"Eugene,OR",OR,44.0505054,-123.0950506,178886
TX2200900,Euless,"Euless,TX",TX,32.8370727,-97.0819541,59746
IL0163200,Evanston,"Evanston,IL",IL,42.0693991,-87.682932,75562
IN0820100,Evansville,"Evansville,IN",IN,37.970495,-87.5715641,114905
MA0091700,Everett,"Everett,MA",MA,42.4085897,-71.0542002,52437
WA0310300,Everett,"Everett,WA",WA,47.9793437,-122.2127011,113547
VA0290100,Fairfax,"Fairfax,VA",VA,,,1125193
CA0480300,Fairfield,"Fairfield,CA",CA,38.2493581,-122.039966,123346
CT0005100,Fairfield,"Fairfield,CT",CT,41.1412078,-73.2637258,66290
MA0030800,Fall River,"Fall River,MA",MA,41.7010642,-71.1546367,94628
ND0090200,Fargo,"Fargo,ND",ND,46.877229,-96.789821,138990
MI6338900,Farmington Hills,"Farmington Hills,MI",MI,42.4853125,-83.3771553,84262
AR0720100,Fayetteville,"Fayetteville,AR",AR,36.0625843,-94.1574328,105335
NC0260100,Fayetteville,"Fayetteville,NC",NC,35.0525759,-78.878292,209151
IN0290700,Fishers,"Fishers,IN",IN,39.9555928,-86.0138729,105143
AZ0030100,Flagstaff,"Flagstaff,AZ",AZ,35.1987522,-111.651822,77664
MO0953000,Florissant,"Florissant,MO",MO,38.7919683,-90.3227803,51002
TX0611200,Flower Mound,"Flower Mound,TX",TX,33.0283854,-97.0867203,80200
CA0340100,Folsom,"Folsom,CA",CA,38.6779591,-121.176058,89999
CA0360400,Fontana,"Fontana,CA",CA,34.0922947,-117.43433,220837
GA0580000,Forsyth,"Forsyth,GA",GA,,,276364
NC0340000,Forsyth,"Forsyth,NC",NC,,,114329
TX0790000,Fort Bend,"Fort Bend,TX",TX,,,637444
CO0350300,Fort Collins,"Fort Collins,CO",CO,40.5871782,-105.0770113,171159
AR0660100,Fort Smith,"Fort Smith,AR",AR,35.3880338,-94.4265011,90848
IN0020100,Fort Wayne,"Fort Wayne,IN",IN,41.0799898,-85.1386015,275451
TX2201200,Fort Worth,"Fort Worth,TX",TX,32.753177,-97.3327459,1009136
CA0300700,Fountain Valley,"Fountain Valley,CA",CA,33.7038145,-117.9627349,55805
MA0091800,Framingham,"Framingham,MA",MA,42.2773177,-71.4165905,73485
TN0940100,Franklin,"Franklin,TN",TN,35.925206,-86.8689419,90436
CA0010500,Fremont,"Fremont,CA",CA,37.5482697,-121.988571,227635
CA0100500,Fresno,"Fresno,CA",CA,36.7394421,-119.78483,551969
TX0430400,Frisco,"Frisco,TX",TX,33.1505998,-96.8238183,145026
CA0300800,Fullerton,"Fullerton,CA",CA,33.8708215,-117.929416,139237
TX0840400,Galveston,"Galveston,TX",TX,29.3872254,-94.992736,53510
CA0192400,Gardena,"Gardena,CA",CA,33.8815601,-118.2935879,58456
TX0571100,Garland,"Garland,TX",TX,32.912624,-96.6388833,251165
NC0360600,Gastonia,"Gastonia,NC",NC,35.2622654,-81.1838186,86826
TX2460200,Georgetown,"Georgetown,TX",TX,30.6370152,-97.6775634,111743
AZ0071100,Gilbert,"Gilbert,AZ",AZ,33.3527632,-111.789037,293851
CA0430400,Gilroy,"Gilroy,CA",CA,37.0065078,-121.5631723,60649
AZ0071300,Glendale,"Glendale,AZ",AZ,33.5386858,-112.185994,260498
CA0192500,Glendale,"Glendale,CA",CA,34.1469416,-118.2478471,185849
AZ0071500,Goodyear,"Goodyear,AZ",AZ,33.4672279,-112.3853489,123911
ND0180100,Grand Forks,"Grand Forks,ND",ND,47.9252104,-97.0306325,60024
NB0400100,Grand Island,"Grand Island,NE",NE,40.924271,-98.338685,53307
CO0390100,Grand Junction,"Grand Junction,CO",CO,39.0672568,-108.56448,71807
TX0571200,Grand Prairie,"Grand Prairie,TX",TX,32.7459645,-96.9977846,133275
MI4143600,Grand Rapids,"Grand Rapids,MI",MI,42.9632425,-85.6678639,200467
TX2201300,Grapevine,"Grapevine,TX",TX,32.9337381,-97.0788754,51460
MT0070100,Great Falls,"Great Falls,MT",MT,47.5048851,-111.29189,59904
CO0620200,Greeley,"Greeley,CO",CO,40.4233142,-104.7091322,115679
WI0050200,Green Bay,"Green Bay,WI",WI,44.5126379,-88.0125794,106069
OH0314400,Green Township,"Green Township,OH",OH,39.1648093,-84.6536214,60370
NC0410200,Greensboro,"Greensboro,NC",NC,36.0726355,-79.7919754,310328
NC0740300,Greenville,"Greenville,NC",NC,35.613224,-77.3724593,96214
SC0230000,Greenville,"Greenville,SC",SC,34.851354,-82.3984882,390870
SC0230200,Greenville,"Greenville,SC",SC,34.851354,-82.3984882,75127
CT0005700,Greenwich,"Greenwich,CT",CT,41.0264862,-73.6284598,64915
IN0410300,Greenwood,"Greenwood,IN",IN,39.6136987,-86.1095429,69268
OR0260100,Gresham,"Gresham,OR",OR,45.4978623,-122.4329883,110776
NC0410000,Guilford,"Guilford,NC",NC,,,132642
GA0690000,Hall,"Hall,GA",GA,,,152703
CT0006200,Hamden,"Hamden,CT",CT,41.383623299999996,-72.9020069,61706
OH0090200,Hamilton,"Hamilton,OH",OH,39.2085354,-84.5501874,64088
OH0310000,Hamilton,"Hamilton,OH",OH,39.2085354,-84.5501874,120595
TN0330000,Hamilton,"Hamilton,TN",TN,,,127498
NJ0011200,Hamilton Township,"Hamilton Township,NJ",NJ,40.2113211,-74.6858335,28970
IN0450700,Hammond,"Hammond,IN",IN,41.6173959,-87.5220108,75605
VA1110000,Hampton,"Hampton,VA",VA,37.0264414,-76.3442846,138041
VA0420000,Hanover,"Hanover,VA",VA,,,108941
TX0310300,Harlingen,"Harlingen,TX",TX,26.1907543,-97.6960599,72282
TX1010000,Harris,"Harris,TX",TX,,,2178104
PA0220200,Harrisburg,"Harrisburg,PA",PA,40.2663107,-76.8861122,50789
VA1120000,Harrisonburg,"Harrisonburg,VA",VA,38.4493315,-78.8688833,51165
CT0006400,Hartford,"Hartford,CT",CT,41.764582,-72.6908547,122548
PA0231400,Haverford,"Haverford,PA",PA,40.0129191,-75.2966948,51486
MA0051100,Haverhill,"Haverhill,MA",MA,42.7777829,-71.0767724,68267
TX1050000,Hays,"Hays,TX",TX,,,138997
CA0010600,Hayward,"Hayward,CA",CA,37.6688205,-122.080796,157399
NY0290600,Hempstead Village,"Hempstead Village,NY",NY,40.6818205,-73.6230681,59748
NV0020300,Henderson,"Henderson,NV",NV,36.0319602,-114.9822716,358366
TN0830400,Hendersonville,"Hendersonville,TN",TN,36.3049177,-86.621443,64413
VA0430100,Henrico,"Henrico,VA",VA,,,340544
GA0750500,Henry,"Henry,GA",GA,,,172380
TX1080000,Hidalgo,"Hidalgo,TX",TX,,,260330
NC0410300,High Point,"High Point,NC",NC,35.9556924,-80.0053176,111595
OR0340300,Hillsboro,"Hillsboro,OR",OR,45.5228939,-122.989827,111167
NJ0090500,Hoboken,"Hoboken,NJ",NJ,40.7433066,-74.0323752,58889
HI0020000,Honolulu,"Honolulu,HI",HI,21.304547,-157.855676,987000
SC0260400,Horry,"Horry,SC",SC,,,326262
TXHPD0000,Houston,"Houston,TX",TX,29.7589382,-95.3676974,2362928
MD0140100,Howard,"Howard,MD",MD,,,340315
NC0600600,Huntersville,"Huntersville,NC",NC,35.4108278,-80.8429304,68534
ID0100200,Idaho Falls,"Idaho Falls,ID",ID,43.4887907,-112.03628,70454
MO0480600,Independence,"Independence,MO",MO,39.0924792,-94.4137923,121329
INIPD0000,Indianapolis,"Indianapolis,IN",IN,39.7683331,-86.1583502,887131
IA0520200,Iowa City,"Iowa City,IA",IA,41.6612561,-91.5299106,77166
NC0490000,Iredell,"Iredell,NC",NC,,,120444
CA0302600,Irvine,"Irvine,CA",CA,33.6856969,-117.825981,321339
TX0571500,Irving,"Irving,TX",TX,32.8295183,-96.9442177,258220
TN0570100,Jackson,"Jackson,TN",TN,35.6144446,-88.8177418,69583
FL0160000,Jacksonville,"Jacksonville,FL",FL,30.3262247,-81.6579179,1008920
NC0670100,Jacksonville,"Jacksonville,NC",NC,34.7509962,-77.4309829,70256
WI0540200,Janesville,"Janesville,WI",WI,42.6829765,-89.0226793,66624
CO0300000,Jefferson,"Jefferson,CO",CO,,,197128
LA0260000,Jefferson,"Jefferson,LA",LA,,,327213
MO0500000,Jefferson,"Jefferson,MO",MO,,,168412
IN0100300,Jeffersonville,"Jeffersonville,IN",IN,38.2770227,-85.7371604,53783
NJ0090600,Jersey City,"Jersey City,NJ",NJ,40.7215682,-74.047455,305249
GA0605800,Johns Creek,"Johns Creek,GA",GA,34.0181557,-84.190196,80930
TN0900100,Johnson City,"Johnson City,TN",TN,36.3167671,-82.352903,72020
NC0510000,Johnston,"Johnston,NC",NC,,,188715
AR0160100,Jonesboro,"Jonesboro,AR",AR,35.8348088,-90.7045297,83296
MO0490700,Joplin,"Joplin,MO",MO,37.0841838,-94.5133385,46093
MI3913900,Kalamazoo,"Kalamazoo,MI",MI,42.291707,-85.5872286,105442
MI3949900,Kalamazoo,"Kalamazoo,MI",MI,42.291707,-85.5872286,73244
NC0130200,Kannapolis,"Kannapolis,NC",NC,35.4979605,-80.6240008,50384
MOKPD0000,Kansas City,"Kansas City,MO",MO,39.100105,-94.5781416,317692
TX1290000,Kaufman,"Kaufman,TX",TX,,,117526
WI0300100,Kenosha,"Kenosha,WI",WI,42.5846773,-87.8212263,99483
MI4114100,Kent,"Kent,MI",MI,,,270333
MI4185000,Kentwood,"Kentwood,MI",MI,42.8694731,-85.6447492,54895
OH0570500,Kettering,"Kettering,OH",OH,39.6895036,-84.1688274,56102
TX0140400,Killeen,"Killeen,TX",TX,31.1171441,-97.727796,162382
TN0820200,Kingsport,"Kingsport,TN",TN,36.550238,-82.5594293,54621
TN0470000,Knox,"Knox,TN",TN,,,313481
TN0470100,Knoxville,"Knoxville,TN",TN,35.9603948,-83.9210261,200645
IN0340100,Kokomo,"Kokomo,IN",IN,40.4864444,-86.1336351,60224
TX1050700,Kyle,"Kyle,TX",TX,29.9892928,-97.8772103,71858
WI0320100,La Crosse,"La Crosse,WI",WI,43.8122836,-91.2514355,50663
CA0370800,La Mesa,"La Mesa,CA",CA,32.7678288,-117.0230839,60686
LA0280300,Lafayette,"Lafayette,LA",LA,30.2262187,-92.0178202,122489
CA030390X,Laguna Niguel,"Laguna Niguel,CA",CA,33.5225261,-117.7075526,63502
LA0100200,Lake Charles,"Lake Charles,LA",LA,30.2305095,-93.2169807,80280
AZ0080400,Lake Havasu City,"Lake Havasu City,AZ",AZ,34.4775296,-114.3379972,59462
MN0191100,Lakeville,"Lakeville,MN",MN,44.650051,-93.2432791,80095
CO0300400,Lakewood,"Lakewood,CO",CO,39.7085736,-105.0846694,157016
OH0182600,Lakewood,"Lakewood,OH",OH,41.4819932,-81.7981908,49178
PA0360500,Lancaster,"Lancaster,PA",PA,40.0379958,-76.3056707,58569
SC0290000,Lancaster,"Lancaster,SC",SC,,,106128
MI3351900,Lansing,"Lansing,MI",MI,42.7338254,-84.5546295,109672
TX2400100,Laredo,"Laredo,TX",TX,27.5079211,-99.5069834,262723
NV0020100,Las Vegas,"Las Vegas,NV",NV,36.1674263,-115.1484131,1712136
MA0051300,Lawrence,"Lawrence,MA",MA,42.7070354,-71.1631137,89201
UT0060300,Layton,"Layton,UT",UT,41.0751048,-111.9741925,84936
TX0840800,League City,"League City,TX",TX,29.5074538,-95.0949303,116779
TX2461700,Leander,"Leander,TX",TX,30.5736134,-97.8567339,82879
MO0480800,Lee's Summit,"Lee's Summit,MO",MO,38.9107156,-94.3821295,104880
KS0461000,Lenexa,"Lenexa,KS",KS,38.9697458,-94.7845837,59913
TX0610600,Lewisville,"Lewisville,TX",TX,33.046233,-96.994174,137042
KY0340200,Lexington,"Lexington,KY",KY,38.0464066,-84.4970393,330994
SC0320000,Lexington,"Lexington,SC",SC,,,238755
CA0310300,Lincoln,"Lincoln,CA",CA,38.8915741,-121.29318,57962
NB0550100,Lincoln,"Lincoln,NE",NE,40.8088861,-96.7077751,302860
TX0611300,Little Elm,"Little Elm,TX",TX,33.1626194,-96.9375051,65337
AR0600200,Little Rock,"Little Rock,AR",AR,34.7465071,-92.2896267,205320
CA0010700,Livermore,"Livermore,CA",CA,37.6820583,-121.768053,84137
LA0320000,Livingston,"Livingston,LA",LA,,,138874
MI4714700,Livingston,"Livingston,MI",MI,,,129867
MI8253800,Livonia,"Livonia,MI",MI,42.36837,-83.3527097,92547
UT0030100,Logan,"Logan,UT",UT,41.7313063,-111.834914,57792
CA0194100,Long Beach,"Long Beach,CA",CA,33.7690164,-118.191604,447317
CO0070400,Longmont,"Longmont,CO",CO,40.1672117,-105.101928,98654
TX0920500,Longview,"Longview,TX",TX,32.5007031,-94.74049,81717
OH0470500,Lorain,"Lorain,OH",OH,41.2633554,-82.1734746,65882
CA0190000,Los Angeles,"Los Angeles,CA",CA,34.0536909,-118.242766,945223
CA0194200,Los Angeles,"Los Angeles,CA",CA,34.0536909,-118.242766,3874484
VA0530000,Loudoun,"Loudoun,VA",VA,,,390033
KY0568000,Louisville,"Louisville,KY",KY,38.2542376,-85.759407,691630
CO0350400,Loveland,"Loveland,CO",CO,40.3977612,-105.07498,82330
MA0092600,Lowell,"Lowell,MA",MA,42.6414437,-71.3085329,121283
PA0461400,Lower Merion,"Lower Merion,PA",PA,40.0175203,-75.3191122,64974
PA0220400,Lower Paxton,"Lower Paxton,PA",PA,40.3364576,-76.7987828,55909
TX1520200,Lubbock,"Lubbock,TX",TX,33.5855677,-101.8470215,275713
VA1140000,Lynchburg,"Lynchburg,VA",VA,37.4137536,-79.1422464,80846
MA0051400,Lynn,"Lynn,MA",MA,42.466763,-70.9494939,103819
MI5015000,Macomb,"Macomb,MI",MI,,,192263
CA0200200,Madera,"Madera,CA",CA,37.1716264,-119.7737991,69753
WI0130100,Madison,"Madison,WI",WI,43.07469,-89.3841663,287992
MA0092700,Malden,"Malden,MA",MA,42.4268484,-71.0683741,66677
CT0007700,Manchester,"Manchester,CT",CT,41.7834017,-72.5231973,60061
NH0063400,Manchester,"Manchester,NH",NH,42.9956397,-71.4547891,116606
TX2202000,Mansfield,"Mansfield,TX",TX,32.563487,-97.1420308,76661
CA0390300,Manteca,"Manteca,CA",CA,37.7986184,-121.2117148,97039
MN0272700,Maple Grove,"Maple Grove,MN",MN,45.0984983,-93.4419222,73363
AZ0100900,Marana,"Marana,AZ",AZ,32.4483736,-111.211475,65094
AZ0111700,Maricopa,"Maricopa,AZ",AZ,33.34883,-112.49123,81890
GA0330300,Marietta,"Marietta,GA",GA,33.9528472,-84.5496148,63657
TX1080800,McAllen,"McAllen,TX",TX,26.204114,-98.2300605,150422
TX0430500,Mckinney,"Mckinney,TX",TX,33.1976496,-96.6154471,235731
MA0093000,Medford,"Medford,MA",MA,42.4184296,-71.1061639,59842
OR0150400,Medford,"Medford,OR",OR,42.3264181,-122.8718605,86298
TNMPD0000,Memphis,"Memphis,TN",TN,35.146026,-90.0517786,606629
CA0240600,Merced,"Merced,CA",CA,37.1641544,-120.7678602,98482
CT0008000,Meriden,"Meriden,CT",CT,41.5381803,-72.8026908,60906
ID0010300,Meridian,"Meridian,ID",ID,43.6086295,-116.392326,145320
AZ0071700,Mesa,"Mesa,AZ",AZ,33.4151005,-111.831455,519990
TX0571800,Mesquite,"Mesquite,TX",TX,32.7666103,-96.599472,149974
MA0051900,Methuen,"Methuen,MA",MA,42.7262016,-71.1908924,54591
FL0130600,Miami,"Miami,FL",FL,25.7741566,-80.1935973,498792
FL0130700,Miami Beach,"Miami Beach,FL",FL,25.7929198,-80.1353006,83453
OH0090300,Middletown,"Middletown,OH",OH,39.516644,-84.4041725,48611
TX1650100,Midland,"Midland,TX",TX,31.83688,-102.0103767,146395
OK0550400,Midwest City,"Midwest City,OK",OK,35.4495097,-97.3967025,58515
CT0008400,Milford,"Milford,CT",CT,41.2222218,-73.0570603,53760
PA0250300,Millcreek,"Millcreek,PA",PA,42.1009734,-80.020827,52826
CA0430800,Milpitas,"Milpitas,CA",CA,37.4332273,-121.8989248,79749
WIMPD0000,Milwaukee,"Milwaukee,WI",WI,43.0386475,-87.9090751,559717
MN0271100,Minneapolis,"Minneapolis,MN",MN,44.9772995,-93.2654692,428057
MN0271200,Minnetonka,"Minnetonka,MN",MN,44.9405086,-93.4638936,52294
TX1081000,Mission,"Mission,TX",TX,26.2159066,-98.3252932,89265
CA030350X,Mission Viejo,"Mission Viejo,CA",CA,33.5965685,-117.659405,90944
MT0320100,Missoula,"Missoula,MT",MT,46.8701049,-113.995267,79184
TX0790100,Missouri City,"Missouri City,TX",TX,29.6185669,-95.5377215,73502
AL0020100,Mobile,"Mobile,AL",AL,30.6913462,-88.0437509,255927
CA0270000,Monterey,"Monterey,CA",CA,,,101058
CA0194800,Monterey Park,"Monterey Park,CA",CA,34.051522,-118.129807,57293
MD0160400,Montgomery,"Montgomery,MD",MD,,,924573
TX1700000,Montgomery,"Montgomery,TX",TX,,,622789
OK0140100,Moore,"Moore,OK",OK,35.3383254,-97.4867045,64044
NC0490100,Mooresville,"Mooresville,NC",NC,35.5848596,-80.8100724,53489
SC0100300,Mount Pleasant,"Mount Pleasant,SC",SC,32.7940651,-79.8625851,96727
IL0167200,Mount Prospect,"Mount Prospect,IL",IL,42.0664167,-87.9372908,55157
NY0590300,Mount Vernon,"Mount Vernon,NY",NY,40.9125085,-73.8386504,71615
CA0431100,Mountain View,"Mountain View,CA",CA,37.3893889,-122.0832101,88504
IN0180100,Muncie,"Muncie,IN",IN,40.1936892,-85.3865271,65375
TN0750100,Murfreesboro,"Murfreesboro,TN",TN,35.8460396,-86.3921096,172248
CA0334200,Murrieta,"Murrieta,CA",CA,33.560832,-117.210656,112892
ID0140200,Nampa,"Nampa,ID",ID,43.5780381,-116.5616885,121713
CA0280200,Napa,"Napa,CA",CA,38.4898675,-122.3218414,76328
NH0064600,Nashua,"Nashua,NH",NH,42.7656251,-71.4677032,92016
TN0190100,Nashville,"Nashville,TN",TN,36.1622767,-86.7742984,718499
NY0290000,Nassau,"Nassau,NY",NY,,,1091921
CA0370900,National City,"National City,CA",CA,32.6781085,-117.0991967,57748
MA0031100,New Bedford,"New Bedford,MA",MA,41.6362152,-70.934205,101139
TX0460100,New Braunfels,"New Braunfels,TX",TX,29.7028266,-98.1257348,96032
CT0008900,New Britain,"New Britain,CT",CT,41.6612104,-72.7795419,76622
NC0650000,New Hanover,"New Hanover,NC",NC,,,108399
CT0009300,New Haven,"New Haven,CT",CT,41.3082138,-72.9250518,139715
LANPD0000,New Orleans,"New Orleans,LA",LA,29.9561422,-90.0733934,360272
NY0590400,New Rochelle,"New Rochelle,NY",NY,40.9115386,-73.7826363,86892
NY0303000,New York City,"New York City,NY",NY,40.7127281,-74.0060152,8496850
NJNPD0000,Newark,"Newark,NJ",NJ,40.735657,-74.1723667,318638
OH0450100,Newark,"Newark,OH",OH,40.0581205,-82.4012643,51776
CA0301400,Newport Beach,"Newport Beach,CA",CA,33.6170092,-117.9294401,82431
VA1160000,Newport News,"Newport News,VA",VA,36.9775016,-76.42977,182798
MA0093300,Newton,"Newton,MA",MA,42.3300435,-71.194862,90939
IN0290200,Noblesville,"Noblesville,IN",IN,40.0460881,-86.0139854,76565
VA1170000,Norfolk,"Norfolk,VA",VA,36.8493695,-76.2899539,230068
IL0570200,Normal,"Normal,IL",IL,40.5092961,-88.9843937,53374
OK0140200,Norman,"Norman,OK",OK,35.2225717,-97.4394816,131728
NJ0090800,North Bergen Township,"North Bergen Township,NJ",NJ,40.2869637,-74.41158,61290
SC0100800,North Charleston,"North Charleston,SC",SC,32.8546197,-79.9748103,96757
NV0020200,North Las Vegas,"North Las Vegas,NV",NV,36.2005191,-115.1214745,302881
AR0600300,North Little Rock,"North Little Rock,AR",AR,34.769536,-92.2670941,64455
TX2202100,North Richland Hills,"North Richland Hills,TX",TX,32.8342952,-97.2289029,71725
CT0010300,Norwalk,"Norwalk,CT",CT,41.1175966,-73.4078968,94366
CA0210600,Novato,"Novato,CA",CA,38.1061979,-122.5681191,52105
MI6362700,Novi,"Novi,MI",MI,42.48059,-83.4754913,68068
MO0920100,O'Fallon,"O'Fallon,MO",MO,38.7902503,-90.7033292,96304
IL0168000,Oak Lawn,"Oak Lawn,IL",IL,41.7108662,-87.7581081,56136
CA0371000,Oceanside,"Oceanside,CA",CA,33.1958696,-117.379483,170168
TX0680200,Odessa,"Odessa,TX",TX,31.8457149,-102.367687,116665
UT0290100,Ogden,"Ogden,UT",UT,41.2230048,-111.9738429,89001
OK0550600,Oklahoma City,"Oklahoma City,OK",OK,35.4729886,-97.5170536,543998
NB0280200,Omaha,"Omaha,NE",NE,41.2587459,-95.9383758,488395
NC0670000,Onslow,"Onslow,NC",NC,,,130093
UT0250300,Orem,"Orem,UT",UT,40.2981599,-111.6944313,96209
WI0710300,Oshkosh,"Oshkosh,WI",WI,44.0206919,-88.5408574,67327
MI7017000,Ottawa,"Ottawa,MI",MI,,,263814
KY0300100,Owensboro,"Owensboro,KY",KY,37.7742152,-87.1133304,60774
CA0560400,Oxnard,"Oxnard,CA",CA,34.1976308,-119.180381,200296
IL0168400,Palatine,"Palatine,IL",IL,42.1105502,-88.0434304,65532
CA0431200,Palo Alto,"Palo Alto,CA",CA,37.4443293,-122.1598465,67491
CO0180500,Parker,"Parker,CO",CO,39.5184514,-104.7612638,67244
TX1840000,Parker,"Parker,TX",TX,,,121108
OH0184200,Parma,"Parma,OH",OH,41.3822398,-81.7355692,78925
CA0195300,Pasadena,"Pasadena,CA",CA,34.1476507,-118.144155,136663
TX1011500,Pasadena,"Pasadena,TX",TX,29.6910753,-95.2092076,149168
NJ0160800,Paterson,"Paterson,NJ",NJ,40.9167654,-74.171811,160567
GA1100000,Paulding,"Paulding,GA",GA,,,172495
RI0040800,Pawtucket,"Pawtucket,RI",RI,41.8789531,-71.3821203,77252
MA0052500,Peabody,"Peabody,MA",MA,42.5278731,-70.9286609,55523
TX0201000,Pearland,"Pearland,TX",TX,29.5639758,-95.2864299,116191
AZ0072100,Peoria,"Peoria,AZ",AZ,33.5806115,-112.237294,201962
CA0490800,Petaluma,"Petaluma,CA",CA,38.2325829,-122.636465,59305
TX2270900,Pflugerville,"Pflugerville,TX",TX,30.4393696,-97.6200043,66958
TX1081100,Pharr,"Pharr,TX",TX,26.1947962,-98.1836216,81470
PAPEP0000,Philadelphia,"Philadelphia,PA",PA,39.9527237,-75.1635262,1562379
AZ0072300,Phoenix,"Phoenix,AZ",AZ,33.4484367,-112.074141,1688662
AZ0100000,Pima,"Pima,AZ",AZ,,,366196
AZ0110000,Pinal,"Pinal,AZ",AZ,,,245258
PAPPD0000,Pittsburgh,"Pittsburgh,PA",PA,40.4406968,-80.0025666,306794
MA0022200,Pittsfield,"Pittsfield,MA",MA,42.4484778,-73.2541069,42944
CA0310000,Placer,"Placer,CA",CA,,,125475
TX0430600,Plano,"Plano,TX",TX,33.0136764,-96.6925096,289301
CA0011100,Pleasanton,"Pleasanton,CA",CA,37.6624312,-121.8746789,74698
MA0122000,Plymouth,"Plymouth,MA",MA,41.9426657,-70.7618592,67967
MN0271700,Plymouth,"Plymouth,MN",MN,45.0065149,-93.46651,77963
ID0030200,Pocatello,"Pocatello,ID",ID,42.8620287,-112.450627,58690
CA0195500,Pomona,"Pomona,CA",CA,34.0553813,-117.7517496,147214
MI631900X,Pontiac,"Pontiac,MI",MI,42.6389216,-83.2910468,61871
TX1230700,Port Arthur,"Port Arthur,TX",TX,29.8716577,-93.9332302,55661
FL0560200,Port St Lucie,"Port St Lucie,FL",FL,27.2939333,-80.3503283,273427
CA0540500,Porterville,"Porterville,CA",CA,36.06523,-119.0167679,63646
OR0260200,Portland,"Portland,OR",OR,45.5202471,-122.674194,628991
VA1200000,Portsmouth,"Portsmouth,VA",VA,36.8320081,-76.297699,96362
AZ0131100,Prescott Valley,"Prescott Valley,AZ",AZ,34.5950776,-112.3338634,52622
MD0172100,Prince George's,"Prince George's,MD",MD,,,741477
VA0750300,Prince William,"Prince William,VA",VA,,,492615
RI0040900,Providence,"Providence,RI",RI,41.8239891,-71.4128343,195376
UT0250600,Provo,"Provo,UT",UT,40.2337289,-111.6587085,115576
CO0510100,Pueblo,"Pueblo,CO",CO,38.263995,-104.6141867,110981
MA0112000,Quincy,"Quincy,MA",MA,42.2509914,-71.0037374,103649
WI0520200,Racine,"Racine,WI",WI,42.7313756,-87.7834769,78032
NC0920100,Raleigh,"Raleigh,NC",NC,35.7803977,-78.6390989,507048
SD0510100,Rapid City,"Rapid City,SD",SD,44.0806041,-103.228023,81185
PA0061400,Reading,"Reading,PA",PA,40.335345,-75.9279495,99299
CA0360800,Redlands,"Redlands,CA",CA,34.0550328,-117.1827445,74542
WA0171200,Redmond,"Redmond,WA",WA,47.6694141,-122.1238767,84564
CA0195600,Redondo Beach,"Redondo Beach,CA",CA,33.8398289,-118.3845942,67280
CA0411300,Redwood City,"Redwood City,CA",CA,37.4863239,-122.232523,82769
NV0160100,Reno,"Reno,NV",NV,39.5261788,-119.812658,286060
MA0130400,Revere,"Revere,MA",MA,42.4084302,-71.0119948,60265
TX0572000,Richardson,"Richardson,TX",TX,32.9481789,-96.7297206,75187
WA0030200,Richland,"Richland,WA",WA,46.2804298,-119.275205,65273
CA0071000,Richmond,"Richmond,CA",CA,37.9357576,-122.347748,115149
VA1220000,Richmond,"Richmond,VA",VA,37.5385087,-77.43428,235995
CA0331300,Riverside,"Riverside,CA",CA,33.9824949,-117.374238,325858
VA1230000,Roanoke,"Roanoke,VA",VA,37.270973,-79.9414313,97682
MN0550100,Rochester,"Rochester,MN",MN,44.0234387,-92.4630182,124142
NY0270100,Rochester,"Rochester,NY",NY,43.157285,-77.615214,206391
MI631910X,Rochester Hills,"Rochester Hills,MI",MI,42.6583661,-83.1499322,75845
SC0460300,Rock Hill,"Rock Hill,SC",SC,34.9248667,-81.0250784,76087
IL1010400,Rockford,"Rockford,IL",IL,42.2713945,-89.093966,147184
CA0310400,Rocklin,"Rocklin,CA",CA,38.7907339,-121.2357828,75993
TX1990100,Rockwall,"Rockwall,TX",TX,32.8923464,-96.4066987,55108
NC0330100,Rocky Mount,"Rocky Mount,NC",NC,35.9423833,-77.7956949,39283
CA0310500,Roseville,"Roseville,CA",CA,38.7521235,-121.2880059,167225
GA0600500,Roswell,"Roswell,GA",GA,34.02332,-84.360022,92178
TX2460500,Round Rock,"Round Rock,TX",TX,30.5085915,-97.6788056,137413
TX0573300,Rowlett,"Rowlett,TX",TX,32.9029017,-96.56388,60831
MI6371400,Royal Oak,"Royal Oak,MI",MI,42.4894801,-83.1446485,58300
TN0750000,Rutherford,"Rutherford,TN",TN,,,108849
CA0340000,Sacramento,"Sacramento,CA",CA,38.5810606,-121.493895,602628
CA0340400,Sacramento,"Sacramento,CA",CA,38.5810606,-121.493895,538389
OR0240200,Salem,"Salem,OR",OR,44.9391565,-123.033121,150898
UT0180300,Salt Lake City,"Salt Lake City,UT",UT,40.7596198,-111.886797,222304
TX2260100,San Angelo,"San Angelo,TX",TX,31.4649685,-100.4405094,100184
TXSPD0000,San Antonio,"San Antonio,TX",TX,29.4246002,-98.4951405,1549295
CA0361000,San Bernardino,"San Bernardino,CA",CA,34.8253019,-116.0833144,225448
CA0370000,San Diego,"San Diego,CA",CA,32.7174202,-117.162772,498387
CA0371100,San Diego,"San Diego,CA",CA,32.7174202,-117.162772,1409432
CA0380100,San Francisco,"San Francisco,CA",CA,37.7879363,-122.4075201,815330
CA0431300,San Jose,"San Jose,CA",CA,37.3361663,-121.890591,994435
TX1050100,San Marcos,"San Marcos,TX",TX,29.8826436,-97.9405828,75924
CA0410000,San Mateo,"San Mateo,CA",CA,37.496904,-122.3330573,127999
CA0411600,San Mateo,"San Mateo,CA",CA,37.496904,-122.3330573,102362
CA0210900,San Rafael,"San Rafael,CA",CA,37.9747795,-122.5316686,59670
UT0180500,Sandy,"Sandy,UT",UT,40.5710454,-111.8953815,91841
CA0431400,Santa Clara,"Santa Clara,CA",CA,37.2333253,-121.6846349,134290
CA0440000,Santa Cruz,"Santa Cruz,CA",CA,37.050096,-121.99059,125144
CA0440200,Santa Cruz,"Santa Cruz,CA",CA,37.050096,-121.99059,62473
NM0260100,Santa Fe,"Santa Fe,NM",NM,35.6876096,-105.938456,91268
CA0420400,Santa Maria,"Santa Maria,CA",CA,34.9531295,-120.435857,111741
CA0196500,Santa Monica,"Santa Monica,CA",CA,34.0194704,-118.491227,90193
CA0490500,Santa Rosa,"Santa Rosa,CA",CA,38.4404925,-122.7141049,177414
FL0580000,Sarasota,"Sarasota,FL",FL,,,287365
NY0450000,Saratoga,"Saratoga,NY",NY,,,185003
UT0252200,Saratoga Springs,"Saratoga Springs,UT",UT,40.3862792,-111.9130188,63550
NB0770000,Sarpy,"Sarpy,NE",NE,,,102219
IL0162A00,Schaumburg,"Schaumburg,IL",IL,42.0333608,-88.083406,76773
NY0460100,Schenectady,"Schenectady,NY",NY,42.8142432,-73.9395687,69786
AZ0072500,Scottsdale,"Scottsdale,AZ",AZ,33.4942189,-111.926018,247258
PA0350400,Scranton,"Scranton,PA",PA,41.4086874,-75.6621294,75837
WASPD0000,Seattle,"Seattle,WA",WA,47.6038321,-122.330062,791503
KS0460900,Shawnee,"Shawnee,KS",KS,39.0273676,-95.7627535,70311
TN0790000,Shelby,"Shelby,TN",TN,,,140049
MI5074000,Shelby Township,"Shelby Township,MI",MI,43.5974492,-86.3379509,80698
LA0090100,Shreveport,"Shreveport,LA",LA,32.5135356,-93.7477839,171284
CA0560900,Simi Valley,"Simi Valley,CA",CA,34.2677404,-118.7538071,125637
IA0970100,Sioux City,"Sioux City,IA",IA,42.4966815,-96.4058782,87123
SD0490200,Sioux Falls,"Sioux Falls,SD",SD,43.5476008,-96.7293629,171808
IL0164A00,Skokie,"Skokie,IL",IL,42.0262972,-87.7521069,65401
TX2120000,Smith,"Smith,TX",TX,,,112051
TN0750200,Smyrna,"Smyrna,TN",TN,35.9824598,-86.5199492,62133
MA0093900,Somerville,"Somerville,MA",MA,42.3875968,-71.0994968,82255
CA0490000,Sonoma,"Sonoma,CA",CA,,,131223
IN0710200,South Bend,"South Bend,IN",IN,41.6833813,-86.2500066,103804
UT0181800,South Jordan,"South Jordan,UT",UT,40.5584882,-111.9367107,88346
CA0411700,South San Francisco,"South San Francisco,CA",CA,37.6535403,-122.4168664,64363
MS0170100,Southaven,"Southaven,MS",MS,34.9873822,-90.0034862,58174
MI6375100,Southfield,"Southfield,MI",MI,42.4733689,-83.2218731,76992
NV0160200,Sparks,"Sparks,NV",NV,39.5404679,-119.7487235,112191
WA0320400,Spokane,"Spokane,WA",WA,47.6571934,-117.42351,230962
WA0321500,Spokane Valley,"Spokane Valley,WA",WA,47.6571104,-117.2613936,109455
VA0880000,Spotsylvania,"Spotsylvania,VA",VA,,,155427
TN0600300,Spring Hill,"Spring Hill,TN",TN,35.751179,-86.9300023,40468
IL0840200,Springfield,"Springfield,IL",IL,39.7990175,-89.6439575,112595
MA0071800,Springfield,"Springfield,MA",MA,42.1018764,-72.5886727,154390
MO0390300,Springfield,"Springfield,MO",MO,37.2081729,-93.2922715,170956
OH0120200,Springfield,"Springfield,OH",OH,39.9234046,-83.810138,58026
OR0200600,Springfield,"Springfield,OR",OR,44.0462362,-123.0220289,61013
MO0920300,St Charles,"St Charles,MO",MO,38.7877791,-90.6747372,72881
MO0922400,St Charles,"St Charles,MO",MO,38.7877791,-90.6747372,120397
IN0710000,St Joseph,"St Joseph,IN",IN,,,110648
MO0110100,St Joseph,"St Joseph,MO",MO,39.7686055,-94.8466322,70838
MO0950000,St Louis,"St Louis,MO",MO,38.6254063,-90.190009,400341
MOSPD0000,St Louis,"St Louis,MO",MO,38.6254063,-90.190009,274819
MO0920400,St Peters,"St Peters,MO",MO,38.791612,-90.5958468,62360
MI5072200,St. Clair Shores,"St. Clair Shores,MI",MI,42.4969652,-82.8890965,57908
MN0730400,St. Cloud,"St. Cloud,MN",MN,45.5616075,-94.1642004,57723
UT0270100,St. George,"St. George,UT",UT,37.1098772,-113.5832063,109020
MD0190000,St. Mary's,"St. Mary's,MD",MD,,,116720
MN0620900,St. Paul,"St. Paul,MN",MN,44.9497487,-93.0931028,307657
VA0890000,Stafford,"Stafford,VA",VA,,,172285
CT0013500,Stamford,"Stamford,CT",CT,41.0534302,-73.5387341,140066
OH0760000,Stark,"Stark,OH",OH,,,112595
PA0140300,State College,"State College,PA",PA,40.7944504,-77.8616386,57940
MI5076500,Sterling Heights,"Sterling Heights,MI",MI,42.5803122,-83.0302033,134402
CA0390500,Stockton,"Stockton,CA",CA,37.9577016,-121.290779,325985
CT0013800,Stratford,"Stratford,CT",CT,41.1923646,-73.1304917,53961
VA1270000,Suffolk,"Suffolk,VA",VA,36.7281341,-76.5834683,105574
TX0790500,Sugar Land,"Sugar Land,TX",TX,29.6196787,-95.6349463,109606
CA0431600,Sunnyvale,"Sunnyvale,CA",CA,37.3688301,-122.036349,157191
AZ0072700,Surprise,"Surprise,AZ",AZ,33.629247,-112.3681428,173922
WA0270300,Tacoma,"Tacoma,WA",WA,47.2455013,-122.438329,230369
MA0031900,Taunton,"Taunton,MA",MA,41.9019257,-71.0931485,62418
MI8277500,Taylor,"Taylor,MI",MI,42.240872,-83.2696509,61146
AZ0072900,Tempe,"Tempe,AZ",AZ,33.4255117,-111.940016,191348
TX0140700,Temple,"Temple,TX",TX,31.0983747,-97.3429563,99965
IN0840100,Terre Haute,"Terre Haute,IN",IN,39.4667025,-87.4139119,58565
TX0840900,Texas City,"Texas City,TX",TX,29.396013,-94.9175485,59365
CO0010400,Thornton,"Thornton,CO",CO,39.8695516,-104.985181,147837
CA0560700,Thousand Oaks,"Thousand Oaks,CA",CA,34.1705609,-118.8375937,123592
WA0340000,Thurston,"Thurston,WA",WA,,,146249
OR0340400,Tigard,"Tigard,OR",OR,45.4307473,-122.771933,57885
IL0165M00,Tinley Park,"Tinley Park,IL",IL,41.5733669,-87.7844944,46948
OH0480700,Toledo,"Toledo,OH",OH,41.6529143,-83.5378173,264490
CA0197200,Torrance,"Torrance,CA",CA,33.8371392,-118.3413606,137914
CA0390600,Tracy,"Tracy,CA",CA,37.7385507,-121.420139,101835
TX2270000,Travis,"Travis,TX",TX,,,288003
MI6378400,Troy,"Troy,MI",MI,42.6055893,-83.1499304,89741
AZ0100300,Tucson,"Tucson,AZ",AZ,32.2228765,-110.974847,556898
CA0540000,Tulare,"Tulare,CA",CA,36.2516475,-118.852583,133411
CA0540600,Tulare,"Tulare,CA",CA,36.2516475,-118.852583,73442
OK0720500,Tulsa,"Tulsa,OK",OK,36.1563122,-95.9927516,409652
CA0302200,Tustin,"Tustin,CA",CA,33.7458511,-117.826166,78611
ID0420200,Twin Falls,"Twin Falls,ID",ID,42.5558542,-114.4700684,56494
TX2120400,Tyler,"Tyler,TX",TX,32.3512601,-95.3010624,113759
NC0900000,Union,"Union,NC",NC,,,179357
PA0233700,Upper Darby,"Upper Darby,PA",PA,39.9283632,-75.2737099,86160
NY0320200,Utica,"Utica,NY",NY,43.1009031,-75.2326641,63288
CA0480600,Vacaville,"Vacaville,CA",CA,38.3565773,-121.9877444,104462
CA0480700,Vallejo,"Vallejo,CA",CA,38.1040864,-122.2566367,122870
CA0560800,Ventura,"Ventura,CA",CA,34.4458248,-119.0779359,109633
TX2350100,Victoria,"Victoria,TX",TX,28.8026443,-96.9766308,66142
VA1280000,Virginia Beach,"Virginia Beach,VA",VA,36.8496579,-75.9760751,454805
CA0540700,Visalia,"Visalia,CA",CA,36.3302284,-119.292058,147414
TX1551200,Waco,"Waco,TX",TX,31.5491899,-97.1474628,148165
NC0920000,Wake,"Wake,NC",NC,,,193737
NC0920700,Wake Forest,"Wake Forest,NC",NC,35.9803138,-78.5103731,55671
CA0071200,Walnut Creek,"Walnut Creek,CA",CA,37.9020731,-122.0618702,70970
MA0094700,Waltham,"Waltham,MA",MA,42.3762385,-71.2355644,66089
GA0760200,Warner Robins,"Warner Robins,GA",GA,32.6200973,-83.606568,87034
MI5080600,Warren,"Warren,MI",MI,42.4932575,-83.0062746,137310
OH0830000,Warren,"Warren,OH",OH,,,104684
RI0020300,Warwick,"Warwick,RI",RI,41.6992717,-71.4586114,83590
DCMPD0000,Washington,"Washington,DC",DC,,,693645
MD0220000,Washington,"Washington,MD",MD,,,104674
OR0340000,Washington,"Washington,OR",OR,,,244106
NV0160000,Washoe,"Washoe,NV",NV,,,110297
MI8118100,Washtenaw,"Washtenaw,MI",MI,,,162060
CT0015100,Waterbury,"Waterbury,CT",CT,41.5539066,-73.0438067,116419
MI6380800,Waterford Township,"Waterford Township,MI",MI,42.6706391,-83.3896241,70573
IA0070300,Waterloo,"Waterloo,IA",IA,42.498275,-92.3328743,67531
WI0680500,Waukesha,"Waukesha,WI",WI,43.0622536,-88.3123889,71542
NJ0161400,Wayne Township,"Wayne Township,NJ",NJ,40.9018775,-74.2633633,53903
WI0411600,West Allis,"West Allis,WI",WI,43.0166806,-88.0070315,59618
MI6381500,West Bloomfield Township,"West Bloomfield Township,MI",MI,42.5684073,-83.3740333,66804
OH0091500,West Chester Township,"West Chester Township,OH",OH,39.3359319,-84.4155616,64911
CA0197500,West Covina,"West Covina,CA",CA,34.0686208,-117.9389526,106374
IA0770500,West Des Moines,"West Des Moines,IA",IA,41.5644476,-93.7594059,49496
CT0015500,West Hartford,"West Hartford,CT",CT,41.7620447,-72.7420399,64453
CT0015600,West Haven,"West Haven,CT",CT,41.2706527,-72.9470471,55336
UT0180600,West Jordan,"West Jordan,UT",UT,40.6061337,-111.9395211,116603
NJ0091200,West New York,"West New York,NJ",NJ,40.7856117,-74.0093129,53036
UT0182500,West Valley,"West Valley,UT",UT,36.5403117,-114.4443529,137688
IN0290400,Westfield,"Westfield,IN",IN,40.0428151,-86.1274888,67775
MI8281700,Westland,"Westland,MI",MI,42.3238056,-83.4005321,82161
CA0302400,Westminster,"Westminster,CA",CA,33.7578725,-117.9859054,89231
CO0010500,Westminster,"Westminster,CO",CO,39.8366528,-105.0372046,69026
MA0112700,Weymouth,"Weymouth,MA",MA,42.2212188,-70.9391625,60691
TX2430500,Wichita Falls,"Wichita Falls,TX",TX,33.9004572,-98.5020777,102344
IL0990000,Will,"Will,IL",IL,,,103299
TX2460000,Williamson,"Williamson,TX",TX,,,194532
NC0650200,Wilmington,"Wilmington,NC",NC,34.2352853,-77.9487284,127752
NC0340200,Winston-Salem,"Winston-Salem,NC",NC,36.0998131,-80.2440518,257431
MN0821100,Woodbury,"Woodbury,MN",MN,44.919896,-92.9339449,81929
MA0146000,Worcester,"Worcester,MA",MA,42.2625621,-71.8018877,212985
MN0860000,Wright,"Wright,MN",MN,,,135626
TX0430800,Wylie,"Wylie,TX",TX,33.0151561,-96.5388038,60956
MI4183400,Wyoming,"Wyoming,MI",MI,42.9132581,-85.7057035,79015
WA0390500,Yakima,"Yakima,WA",WA,46.601557,-120.510842,97467
AZ0130000,Yavapai,"Yavapai,AZ",AZ,,,97732
CA0302500,Yorba Linda,"Yorba Linda,CA",CA,33.8901096,-117.8249705,66061
OH0500900,Youngstown,"Youngstown,OH",OH,41.1035786,-80.6520161,58933
AZ0140500,Yuma,"Yuma,AZ",AZ,32.7254216,-114.6198088,105175
